-- phpMyAdmin SQL Dump
-- version 4.5.1
-- http://www.phpmyadmin.net
--
-- Host: 127.0.0.1
-- Generation Time: Mar 02, 2017 at 06:57 PM
-- Server version: 5.7.9
-- PHP Version: 5.6.15

SET SQL_MODE = "NO_AUTO_VALUE_ON_ZERO";
SET time_zone = "+00:00";


/*!40101 SET @OLD_CHARACTER_SET_CLIENT=@@CHARACTER_SET_CLIENT */;
/*!40101 SET @OLD_CHARACTER_SET_RESULTS=@@CHARACTER_SET_RESULTS */;
/*!40101 SET @OLD_COLLATION_CONNECTION=@@COLLATION_CONNECTION */;
/*!40101 SET NAMES utf8mb4 */;

--
-- Database: `studybuddy`
--
CREATE DATABASE IF NOT EXISTS `studybuddy` DEFAULT CHARACTER SET latin1 COLLATE latin1_swedish_ci;
USE `studybuddy`;

-- --------------------------------------------------------

--
-- Table structure for table `subjects`
--

DROP TABLE IF EXISTS `subjects`;
CREATE TABLE IF NOT EXISTS `subjects` (
  `id` int(3) NOT NULL,
  `name` text NOT NULL,
  PRIMARY KEY (`id`)
) ENGINE=InnoDB DEFAULT CHARSET=latin1;

--
-- Dumping data for table `subjects`
--

INSERT INTO `subjects` (`id`, `name`) VALUES
(1, 'History'),
(2, 'Geography'),
(3, 'Science'),
(4, 'Home Economics');

-- --------------------------------------------------------

--
-- Table structure for table `subject_topics`
--

DROP TABLE IF EXISTS `subject_topics`;
CREATE TABLE IF NOT EXISTS `subject_topics` (
  `subjectID` int(3) NOT NULL,
  `topicID` int(11) NOT NULL,
  PRIMARY KEY (`subjectID`,`topicID`),
  KEY `topicID` (`topicID`)
) ENGINE=InnoDB DEFAULT CHARSET=latin1;

--
-- Dumping data for table `subject_topics`
--

INSERT INTO `subject_topics` (`subjectID`, `topicID`) VALUES
(1, 1000),
(1, 1001),
(2, 2000),
(3, 3000),
(3, 3001),
(3, 3002),
(3, 3003),
(3, 3004),
(3, 3005),
(3, 3006);

-- --------------------------------------------------------

--
-- Table structure for table `topics`
--

DROP TABLE IF EXISTS `topics`;
CREATE TABLE IF NOT EXISTS `topics` (
  `topicID` int(11) NOT NULL,
  `topicName` text NOT NULL,
  `details` mediumtext NOT NULL,
  PRIMARY KEY (`topicID`),
  KEY `topicID` (`topicID`)
) ENGINE=InnoDB DEFAULT CHARSET=latin1;

--
-- Dumping data for table `topics`
--

INSERT INTO `topics` (`topicID`, `topicName`, `details`) VALUES
(1000, 'Industrial Revolution', 'The Industrial Revolution, which took place from the 18th to 19th centuries, was a period during which predominantly agrarian, rural societies in Europe and America became industrial and urban. Prior to the Industrial Revolution, which began in Britain in the late 1700s, manufacturing was often done in people?s homes, using hand tools or basic machines. Industrialization marked a shift to powered, special-purpose machinery, factories and mass production. The iron and textile industries, along with the development of the steam engine, played central roles in the Industrial Revolution, which also saw improved systems of transportation, communication and banking. While industrialization brought about an increased volume and variety of manufactured goods and an improved standard of living for some, it also resulted in often grim employment and living conditions for the poor and working classes.'),
(1001, 'World War 2', 'The instability created in Europe by the First World War (1914-18) set the stage for another international conflict?World War II?which broke out two decades later and would prove even more devastating. Rising to power in an economically and politically unstable Germany, Adolf Hitler and his National Socialist (Nazi Party) rearmed the nation and signed strategic treaties with Italy and Japan to further his ambitions of world domination. Hitler?s invasion of Poland in September 1939 drove Great Britain and France to declare war on Germany, and World War II had begun. Over the next six years, the conflict would take more lives and destroy more land and property around the globe than any previous war. Among the estimated 45-60 million people killed were 6 million Jews murdered in Nazi concentration camps as part of Hitler?s diabolical ?Final Solution,? now known as the Holocaust.'),
(2000, 'Gloabal Warming', 'Global Warming, the general increase in the earth''s near-surface air and ocean temperatures, remains a pressing issue in a society that has expanded its industrial use since the mid-twentieth century. Greenhouse gases, atmospheric gases that exist to keep our planet warm and prevent warmer air from leaving our planet, are enhanced by industrial processes. As human activity such as the burning of fossil fuels and deforestation increases, greenhouse gases such as Carbon Dioxide are released into the air. Normally, when heat enters the atmosphere, it is through short-wave radiation; a type of radiation that passes smoothly through our atmosphere. As this radiation heats the earth''s surface, it escapes the earth in the form of long-wave radiation: a type of radiation that is much more difficult to pass through the atmosphere. Greenhouse gases released into the atmosphere cause this long-wave radiation to increase. Thus, heat is trapped inside of our planet and creates a general warming effect. Scientific organizations around the world, including The Intergovernmental Panel on Climate Change, the InterAcademy Council, and over thirty others, have projected a significant change and future increase in these atmospheric temperatures.'),
(3000, 'Functions of the Eye', 'The eye is one of the most important senses in the human body, the eye has many parts. The Iris is the coloured part of the front of the eye, its function is to expand or contract to control the amount of light entering the eye. The pupil is the black circle in the middle of the iris, its function is to allow light to enter the eye. It also changes size due to the changes in the iris, in bright light the pupil shrinks and in dim light the pupil enlarges. The Lens is a flexible structure, it changes shape depending on whether we are looking at a near or a far object, its function is to focus light on the retina. The Retina is the light-sensitive layer at the back of the eye, its function is to absorb light and to allow us to see. The Optic Nerve carries messages from the eye to the brain and it also provides the link between the eye and the central nervous system. The Cornea is a transparent section of the covering of the eye, its function is to allow light to pass into the eye. The Ciliary Muscle surrounds the lens; it contracts or relaxes to cause the lens to change shape.'),
(3001, 'Function of the Human Skeleton', 'The Human skeleton has over 200 bones, its main functions are to support the body, allow movement and to protect internal organs. 1.Supporting the body: The bones of the skeleton keep the body upright and gives it shape, without it the body would collapse. 2.Allows Movement: A joint is where bones meet, some are not able to move but many are moveable. Bones move when muscles contract to pull on a bone. 3.Protect Internal Organs: The skull protects the soft material of the brain. The backbone surrounds and protects the nerves in the spinal cord. The rib cage protects the lungs and heart.'),
(3002, 'Parts of the Human Skeleton', 'The Human skeleton has 4 different parts, they are called joints, muscles, tendons and Ligaments. 1.Joints: are where bones meet, some such as those in the skull that don''t move. They protect the brain. Most joints allow some movement. 2.Muscles: are made of protein and they contract, a muscle is attached to a bone either side of a joint, together they allow bones to move. 3.Tendons: join muscles to bones, when a muscle contracts the pull of the muscle is passed to the bone through a tendon. 4.Ligaments: prevent joints from being damaged by reducing the amount of the movement between the bones at a joint. They join bone to bone.'),
(3003, 'Structure of a Flowering Plant', '1.Root: It anchors and supports the plant in the soil. It also takes in water and minerals from the soil, they pass up through the stem to the leaf. Some plants store food in their root. 2.Stem: It holds up and supports the leaves and flowers, it also transports water and minerals to the leaves and sometimes transports minerals and water down to the root. 3.Bud: Is a potential growth point, new leaves or flowers may develop from new buds. 4.Flower: They produce seeds so that the plant can reproduce. 5.Leaf: They produce food in a process called photosynthesis. They allow gases to pass in and out of the leaves. Carbon Dioxide passes in and Oxygen comes out. They allow water to pass in and out of the plant as well.'),
(3004, 'Water Treatment', '1. Screening: It involves passing water through a wire mesh or screen to remove any floating materials such as leaves and rubbish. 2. Settling: Water flows into large tanks and a chemical aluminium sulphate is added. This causes small insoluble particles to come together and settle to the bottom of the tanks. 3. Filtration: The water is passed through beds of sands. Any remaining insoluble particles are removed. The water is now clear in colour but it may contain bacteria. 4. Chlorination: Chlorine is added to the water to kill any bacteria present. The amount of chlorine added is carefully monitored. If too little is added it may kill all the bacteria, too much and it can be smelled and tasted. 5. Fluoridation: Fluorine is added to the water in some countries to help prevent tooth decay.'),
(3005, 'Fossil Fuels', 'Are fuels formed from the remains of plants and animals that lived millions of years ago. Coal was formed from trees and ferns that died and were buried and compressed. Oil and Natural gas were formed from animals and plants that lived in the sea. Their remains were buried under layers of sand on the seabed, as pressure increased they eventually form oils and gases. Fossil fuels originated from living matter, they are composed of two elements, hydrogen and carbon such compounds are called hydrocarbons. When hydrocarbons are burned, carbon dioxide and water vapour are produced. Natural gas is mainly methane(CH4). When it is burned, carbon dioxide and water are produced. Fossil Fuels + Oxygen = Carbon Dioxide + Water.'),
(3006, 'Light-Dependent Resistor(LDR)', 'LDRs are resistors whose value of resistance can change. The value of the resistance will change as the intensity or brightness of the light falling on its changes. 1. If bright light falls on an LDR the resistance is low. A larger current can flow through the resistor. 2. If dim light falls on an LDR the resistance is high. A smaller current will now flow through the resistor.Using an LDR you can arrange for an electrical appliance to be controlled by light. In fact, some appliances can be switched on or off by simply shining light on the LDR connected to them.');

-- --------------------------------------------------------

--
-- Table structure for table `topic_diagrams`
--

DROP TABLE IF EXISTS `topic_diagrams`;
CREATE TABLE IF NOT EXISTS `topic_diagrams` (
  `diagramID` char(4) NOT NULL,
  `topicID` int(11) NOT NULL,
  `diagramTitle` text NOT NULL,
  `diagram` blob NOT NULL,
  PRIMARY KEY (`diagramID`,`topicID`),
  KEY `topicID` (`topicID`)
) ENGINE=InnoDB DEFAULT CHARSET=latin1;

--
-- Dumping data for table `topic_diagrams`
--

INSERT INTO `topic_diagrams` (`diagramID`, `topicID`, `diagramTitle`, `diagram`) VALUES
('GW01', 2000, 'Global Warming diagram', 0x474946383961f401a101f70000dc6b2cefdc5d7a90a6f2b49cbbd3ea81afdbd03729484f76adcbce7dafdae6e6e983b1db2d2b2d8ab5dde6922e96a4b7feed2a3b446eeb2b2e52ab46b8b6c89ec4b387b3dbfcfcfdd6d6db88a7c575889bf8da2e78add7ee8e72d8592bffec0bd5704e74b57075a9d793bbe1fbe6d8a4714e89bce6c0d5efd3432adae5f47aadd9f3f3f489bc9128356423275aeb702ec9c9d2aaa9bdf4cb2e110b30c3c4c8f2c32ff6c6b2b2938dfbe22c7ca2c5424447edb92fe9ecf154575c76abd877b3e2e8a02ca6c5e4848689a6a8abb6b8bb9494adf8d8c977759686b3dd516a8f6b77868887a3646b736ca6d796999bed4a35fef7e2eaab2fecb22f64676b7199bf747577b7857a66668b839db87d7f825b6066f7cd1cf06952eb1e2b67b05b8096adeff1f6fef1b4c6dcf17ab681898c8f9dc0e2d2cb7fb1cbe5a29fa4adb0b3dbdcdfd1824c7ab2e0f4f6f98bb0d34a8e4a4da946bbad90caaa7072a9d7b9d1e467707c95bbdf70a7d59cb4c2feef82474b4efdede5fce94789b5dbc3876c59b246dba0509e9cb372a9da74afdf575a8099acc1e2812ef6b732f6d22f80b1defffcf5c17562eb342f8fb9df6e5a4de38b5ed55939cd61474e5054b5d0dcf3a032ec3c32ee5a3dffeb1f3a3a3dfef5f05dad4f91b7ddcc4b3890b3d389b3da78abd979aede2528476eaedfd54c2b71a7da6baaa5efb120fce21c8eaecb87b5de333c648f9194eb7b60f8f9fce8c8518fb5d8253d427f6552bac39f7cafdbf1be23e1b15685add271abdc707f8ff5d2862d33516fa1cc1d283c75abdccc563e6187af5fab6e5e534958789e55896c221e2074addd3a6b4a4140407f7d9cbed8edbfbfc9f0a083aeb6a99ab3cf8f8da897bde1c06f3e7ba8d0d1cfdba6bbcd92b8d971a8cd504741e1e1e43635366b6a8d8cb3d771709397b8d8c2daf080b7e393bbdfa3959d8db7dd91b9df8fb7df8fb7dd91bbdf8db7df89b3dd202f5f8db5dd93b9df91b9ddf8f8f8b7d0e9d0d1d36d6d8fcfdff194b9dd87b5db191a3825222378abdd50b04744435d76add9efeff088555b2c2d4a57ab47fde92abad2e7ffffff21f90400000000002c00000000f401a1010008ff00ff091c48b0a0c18308132a5cc8b0a1c38710234a9c48b1a2c58b18336adcc8b1a3c78f20438a1c49b2a4c9932853aa5cc9b2a5cb973063ca9c49b3a6cd9b3873eadcc9b3a7cf9f40830a1d4ab4a8d1a348932a5dcab4a9d3a750a34a9d4ab5aad5ab58b36addcab5abd79cd762385be22cc6b5826a285038db50815a0c1479a895d633edda9fd7de3a944b812e5476ca2828bba0f482d82581d4fce311836c0c055f2d2a40a60a9d8bcbe85421832c70093a74451cc6b0bc8d2285162eb2f55ce202f4cf40969125947604eebfd3a9a3f288e0e2c00aa5472c5f8ef18f907017302eb659b244abb403ad5da88aa02a3a21c2ff58bb08dd70b48bd2132958ffbeb2fab2b3d7b1112e6981ceb67817e4a1f2a81ee137d26ba85b6c3bf2cf7b842347f0601106d0bda35536ada9b2c435ad5cf3ce672e10975d6bdc31e41d7812bda71a4f301451845f3dc1e6826c0711e2420bee59b6e153bbb910011849c1801a210315911e46315c86a155d2b0d702050565834e0bcd4de8da406050309659045dd8df12452447103b1414e19862026968505e770904835a30fee31605b6313656111408e8250530f010c812145cf0255d1430a78c40d258194398ff5c03030c9c4943010dffe4b9c49e0529d05862f9a885e541d2bc09a594780e5aa89e7c0ac41894d7884822411728035d0b81dca9659dce005990326305c29642302cfff94f5acab422a65ad7a8e1cc8702add0d8a1f9186428af03d12ae69bae0ed4a26facc289dd40a15a19886d02b512180dd8f105e2a5cc255690afccc510ac422b2889185b720632a3327f0687ce3634f8052eb05b4a2aae401878069f32af52a55d7c04a9a18c02ec74765985311c205c66c860371a3a844077590b9f5e63dc65094aa8255ad581b782c22d48e8cc67a15110c171e81ce09789075c71d901f94077c5111813a92e6607d8c6da912e1fe00c6aad1d40690c955da6196a451a840cd0ade9675fcf3fe33cf4c9465f712341bb7df6590bd72863192117b7c69f400a0889199109817104d3d920834e04023e9c0d6fb951a030ceaafe0346364ca3ff6d700431d0eda284f3b968766b84a8f98f3284003de4156c2d1b266e1bf2b00dd343269df0c207e42decddad01fe0f3b0a6b0d71655ad70d7aca9e2f5174d0c4b96c7a20572188ce790bedcc9d32a865f63a770f7f7640e9e8a86aa28b84507d4096a8ad489089aa9ce5b56545ba8c623ed5a54c48d1639b689965068e9a32f1996d7fa376dc99c85e048dab48366f6fb74ffd41144c1c317b110aa47efcf86f980ffceccbde880c9235ad716d7ac22b5d0bfc223bf6f5ce7304d9590b8637a4ccc42d759f51461be0373cd444802dce48d0f62864b0169830799689401b1673b204e28f768b91580ba8969bc5d06772e33158cab2d1b8cb2447011c3c8007fffb4590060a513a7021dfe94c878e776c306847fca040bc9332aaa9420d569bdd55bc07c3db208339dd220cfaf4273605aca008eb3bcbc342d699af8d6e1b0720048c3e261d016dac2021440771b6111df200d1050692c6152240a21eb98046c5091a0c62909cd28d0d412e528c8810a93b81b8ec90bff1ce010a5604c4fd461a544b5a930e20ba7fd86880ffb824213269994dfe033629838c1aa8f629683de74431a0d3d68cd71adaf1ee900252467510f92df8490819a1bbe0678eb0c87fe4716ca76cceffa4f343e8440032da89005d30501914d9f033b8739b0bc6864c8861804a2d04528b5e9425f7a5f2447e090421b6919c670a249a07f925218225ff4cf8cc2a0633920606d420cedaf0c09ea69c5f22d101c307dd6e0523830f063853152e0e846618ebcd0a2b6948980dc476b4f30e31497722420d64051d3a590b2073478218923f0aab4c049cd91a082a4019eb392419193a1092b6404ada29e48c7498bed6108e3e2b949d84fe814c1788f220188881d948e43d0929803ebfe1e39126844a83a82f453a252a535b739e82418f88ff905158c5c41bb8f5a795cf3b9194fe48a3f790a7603b234e5007a2bee4b448159cd1d2054645a95396669af569670d6d17812b2c41837c95ebfbd64a907212c756674deb50efa9d0be4e96466a408d2bff298d6039092b974c9adb4cd84abc1eecadfe1c88a760bb23a5ff7ae90845db1a4bdd59903640871018600fdf7eea3255a8a91514b802fe3e8348f5997474a3e24c25ff11dcb08ef19d3fd5d4c95498c8ec0a44444f1dc8359c11b61b594f4aeb4c6a4d657bb5827c55b12bb2916bde91a008d8377b941a887700f64eb7eef7a4a5b3af7d3df8cacf4ce7bee631d252cffbcdc4dec67d858bc0b816e7c6acb1f3c135c40dc658f70fdf7e46c054bb705cdf2660fc6a36b60975ea3f3ef661011398069b35c869afb233622a401a6911ad6b5df35ffda667c6efd4e33fd676a2031c41a52c6d1e4268a6a02129e3644be04d7c147031551082c8cd85674fa32b56ea6e76ba9e65a18bcc7aa23b7156c5067972d0b26135548679ff59ea2d1e7bbbeade13b947c9f7242163413c3c3337298791f52f694eda423eb32fa199317468f21ad9ecaed33e9413d30d0702639d4ed337f01d080cb2f13aa3fe033a24b62f29f7e9d513813802a424945a89d94915d331d4a83eb4d728fbe7ef644546435aaa407ee9ca3176b46002a12f4f450aad516180065fe38cfa765b438388e76dbd49a42ad803c39d1d81300ad8ec7b0542ba2149f7b55eb62eb8196cc3defc46d8b8fb077dd15c10d9c1d03b24227784b34a428134b59671f52686e34bb2b1ba060c6db846b09e35901ebd6d5c0617b4ad1b9d9c1504fc0284f18e6a56c00e050c5cc10361f0a333ede105ceb934111e97c4a1c583bc2ce16234fff22cc0af01f183d04cce0e57c00a09a35680e1b3bbc95979cb43fb36fb48231b47200e90ade2bd0850000cad2857e90eb051123e91a769ed265cd6a82a4d16789c02b90692f78d90f94048353b1b926db40ac3f76459dfd03dd1b78f545d4ad6fbcd6dfd4d2753a698d328744aa3c2d25e71ae5d17c9fd328804627bf3ed973bce3d343d56c0f096006c82f896acffc887ec8c4b5b82bc1c77262304ed42eb22ce5cc1c88a6134191d5d9d03e070b1ad014fcc7a19f993a9c23618554d1b387d4d2f0df5f259625f176b3de5382e6185abaed1658a84fbdbe8fe1f83f534574be31d03650503747b1b29210448836de7cc2d20c415aa83cae0b5e00acafd0cff71a6a70a670402d42da83b6f0d223bd770d38d02c9e30102e10cd42dafbbd4f2e9b7af1f6eb7f35fde6d05233c006ad35141ec5644ad710581f00ef83336f2265330f24710736410826f910531842030bc754aa1318009787280871023f361d3265317b4700251692d70044b203145623b07b00466537ba2875d7e157799f60f950631d9203184006cde43084b107e35148481204ff3a3562bd882c377101e880e8e753cf1517335a2504ac8822e986799017ef9612a1f4608ba561593c17d35a379c0d654e95604827322c8006c39f21d12d31a49131c18130190443bf58362cef63d2bd38464733c8097779fd61a20a27ff6966085025763e502b8733ce8ff85555e723150a82fe1b53864081fa54746c8a12990781b647834587710ad7619caa00c97013021c488f80288888356b24537aa204f75d41f97e13cafb48614831d54761c87e4174db5548e586e0e9687006337190585af62321b4619b1750d97738cd9601f81808b0d83106ab66147b042691582f177199f328d19958b03b13419554aabe78d5b411b604308ef00411400207ed627c80036f4e452c87004847272605810310036ef80012b708f408201c8b00d613825ce7004cee08600b22dcb01360df38ec840178170049b012d09890ce3f28e47606693710465078fdf65916cb1024ba09005831dca800c40724ae95610347005dad79216192c15890c25ff79920b592c47a07d035390108491607304b952904ba50c22c96de4053681d07805d172f930168a6122125628f77890d7308fdaf75c02710181209342d878120922377916268992f8629453520460730541a90670e49617a09603915c60930d6198956dc99507a100fab88fe2758f5d849447e0397ab9950641033c7465fd0203327905f1181992f911f2940d5d544ebb17159277657ea175bd417093199aa2b9156ff82ecef08c5764151213832d3878a3f99ab0291517c08a98518950413419751911f028b1d99bbec9146ef20eeb5898cf37846db904d4f29bcab99cccd99ccef99cd0199dd2399dd4599dd6799dd8999ddab99ddcd99ddef99de0199ee2ff399ee4599ee6799ee8999eeab99e17a1080aa10836b007ec399ff4891336c00a36901036d005cb509ffef99f2fb10c5d5009248010acd0055c90090941020a0aa00efaa00e9109a039107b60095dd00596909f04b107072a015dd0010861039500a2105aa2265a1003d0010d4a1099d0a11e2a015cb00c0390a24fd0051270a312c00a46c0a20350095df004f279a2420aa107aaa20461045c60a338eaa1177aa14b7aa35dc0081d30a3cb60a1503a00439aa5ff790149faa31db00ccbc00a3e2a018cb0a465faa468eaa44e0aa59650a05afaa6eb690465ca084dbaa6687aa7787aa73f3a0004b7071da0a3701aa8dee9a2795aa886faa474da05f8690336ff300016faa1821aa9d049021a4a108ad001870aa575baa99b9aa9365aa66a4aa2923aaaca690495809f24b0074650a54aaaa717ca084f60092f60080e4009b67aab94e00086f0022ff0044cdaaa878aa0ee49aac41a9b36c0a4955009899aa6af2aab0e5003380001d23aadd44aadfd80033540092f6009890aac78ca083b5aace22a9a1de0ad4feaa4966008872003d16aadfdf0aef01aafef5aadfd8008526008dc6aa769ca0a133aaefe9a15227aa7a08aa19400adf42aaf089bb0f06aad32e00096f0a2647aaeace0a6ff5ab157410235aaa712600952d0ae10a0b0201bb2f14aad87f0b0e6eaa14f30007b9009996004536ab1307b144640b199e0a8e6ff3aa0ea3aad22bbb33c3baffd50038640a7785a0996f004742aaa319bb440d101a7faa7beeaad516a0888a0b33d5bb5223bad326008639aa657aab45efb130350a7cc6a093220ad567bb63c8bb5568aa75d80a55ffbb63a11b66cfb049410ad687bb7690b01384009199ba6480bb7803b1302aaa786b001668bb7887bb57a6b08376b09411ab8900b13844aa6514a09879bb8981bb2d24a095b8ba3fc19b9a0db120390a6647bb9997bba092bad32b0b64bda9fa1fbba266103421bb15d6008768bbab80bb28b9ba65c60030cba07f109bbc2bb11220aac5de000fdf0b1b9bbbca90b010e00b5036a09c94ab1c35bbd0e4102ac00a61dc00566eaa196abbcccff1bbe230b019400ac677aa15c60bdea7bbddd6aaedf2bbef02baf10200595a0a77fbbbef86b1093bba45160baf11bbff37bb3f79bbf04fc0fe59aa6effbbf0a3cafe52bb105fcc00371c04b7abcfebbc0f0bbb968fa04d40bc1f83bb9b55bc1160cc0cf3bc1aecbc1f8bb07beeab92f70bb216cc17afb02c05a096e6bc2ea3bb894fb0453dbc23a0c0188d0b738aaa38a7001c34ac3a1bb0ce77a08e0abc3210c013570a69ecb0896d0bb440cba2480a913ec0049acc42eecbc8dfbb853fcb561ca059deba12b9cc55abcc01fcbba5dfbc56f7bacfa8aa33560c6678cc63580a604cac66f4b026a0ca52f20c7738cc630ecb996b0a278acb4a36bc765fbc75aff0c011bc0ba4f40c8851cb3287cae96abc8674cbead0aae91ecb58a90a44bfa042c6cc92dacb77d0ba99b9cb49ddcaa5d50c9a2bcc80d7ca39510aea76cb1938ca34f60b8adbcc81b50bf50aac1b36cb1c7eab986e0c7b9acc010c0b8374aa74fb00c46c0b2bf5cac7be0c9704cccc50cc01b90c29eabac25fccc911acdaadcc7d45ccd178ccc13dca6dc1ca99960039eecc4482cce8b7c08de1acbe72ca8cbf0b4130ccae1eccee14bca133cc0f32ca4363cc1c3accf8b4cce1e3ac3ffaca59920c19ecbca043dcaaf7ca3959ad05a7a01935b09b8fcd0a38c08bc2cd1141da887cca6c9abd1a3dc0f6bfbb91ffda624d0d11f4cd23b4cce080ac9296da299ff50ca0eedd2680ccf9ebbcd336da2b57ca3718cd34b7ccdfddcd3422abb385a09392cd4686cd2c68b9f326dd4f529c15dd0c74cbdc5060da51230d1525d9f720ba5587cd52e3cc24fcaa75dfd9f03e0c4de9bcf627dba984cc267ed9f03c0bd68dace6dfdbf10a0d36c1ad5718d9efb0bd46c7dd789cbc470ddd7f44902f58ca8412dd8172c036acdd586bd9ecba0d68cb0d48cbdcf8ebda4901dd9e919b0496dd997bdbc3cecc46dcbd9f4a908acabd4811dda673bda9eebcfa66d9e0c5dd9abcdda55ebda6cbac1b17d9e0caddab62dda88a0d629bbdbeb39db89fcdbb80b01992dc803a0dbc41d9e99c0ba8cb0d8c8edd6757cae28fddce419d2386ad7d5ff9db9797dae9630007caddddce9cd132c05b5fdddba1b05aacc05ce6ddedd69047bbccaebcddea9fbca081adff2cd9d020ab5038ddf834dce9adcdfe309bcd2cca6a12ce0562bad818ca1e56de0dcb9d0880ada0c7edb4eeda1ac20e1bcadcade7de1b7bddc8acae1e669aa0d7ddf17fed61e9abe245e9e2e5ad528cee01010c8b0ccdf2dbe9d548dcf207edb3880cd1a7ee3e339dbd4bde3577bdd850de4df49a8f64de4691bd19abad9487e9d183bc12fc0e43d4be3bd3cb151de9d010dcb196de5a9cbd14fdc015ebce5d9d9e5507ad3603eb211cd08086de6d979a9f97acf5fbee60b4be3a50de7dea9082edbb95dd0bf763eb28720c865aee7dc49df4aff5ad581beb0fd80e7b06de8d919ccd3bce884bdd3901e9e5c9ae8016ee7c7acca8f7ee9d7f9d5125009c70de6caadd6230eeadfb9d22a3cd2a69ed5642acbaabe9daceeb9806ee54cacd650ca0a113eebd229ea1e6a090b2ee33d6ebce8dbebbe0e9d090ed631ded65c9ccc361aa30320ebc96e9d6e7cae38dcec4ccdc3a53cded5de9d03b00c1de0c3c13eecd5fdb1780edfdf0e9e7e7aae9b8edf9d6ecb36beeed889e61f7eee83eeb91b4eefe2a9e4befddd3c3cc66fceefdd29e9bd6ce1a1adb77b4ced047fde3e4ec6e67ed72f6cae50def0d819dd505be5da9ecbe87eb33c6df1da19dd7afa0275eeec3880e54c1aec430cf2da29a74d7aae652cd813ff9fcdac30003600a62c0fee96c00aac20c6c64bf21b7fc91b80e51f3aef396f9dce8c7c2e6bbc4f70ef24cdc4ac6bca47dfe113cc08481cf4689cd7b38bb2463ff5dde9c18c50b7580fc0fd40095b7fd05e9f9e262ede713cf6a20df59f6aa60c9f1517800130e00e780f900bc103444004d78001eee0940dd1720cc10330e08a669eca695a0951e0ea1caff5275b09854ef75a400c966ff93dc09b06c104f4400c4ea0050c80f85de70413a61069400c6430eb7fcdc76d2fcad25a03343eb02f3ff758c10e952f0464400653400c539010d7400f53e00ed7d003f420fa06b1027a700cf6b11043400c42a0fa36fac62ffa02ad7fc94c6c0810cba6531aee52ffec1517d0030c302ec81ffe8b810659b00aee302b59400c5a30040a2009f400193ce004e7ff2aeeb00a59e0048a8106c40010d8c85cfb87615516340afefd5b8106211a6242164ea458d1e2458c19356ee4d8d1e3479021458e2459d2e4464596ba3ce162e989842e1264ca8ce90007049cfd74eee4d9d3e74fa03b7142c0e100e64c9a1d325154b4f4e453a8262ff460a0801d3b770c24b1fb5785180362d8ae1121569601861ef414ac98f29598961505b1b93da6a66d591a2b24b985fb4fc85706988891895ad8f061c489152f2e7c61d9803d9914ed19a01229cd2786640c0ddad973cf9c320c3d8979b94b07c6a9195fd0f215938ec044fe292336e51fff0d625966e756904f12bd7c4e88adfa477648576269feadd241e45a6077cb89a1919e06063149bddb1256ddddfb77f0e1bf67ea501a6997982f2821e2fcd9bd509c8828bd387a19262b45e2f58b64d77a95570668586895b7c8c802bb7fd488e81f762461e09ab6aa3030b77f74e8a1957f2eb8e09f7c1838a68d7fdaca820cafc88088bb2106db6f45165b7451bc3d2cb30fa62e2a71e0909b8682e03dd074c4a106072a41efbc212560c4861793ac682a06f2e98a9e29b82283183da698a20a212e5050a2061f6cab072dae44a38d637ae0ea02ae3ad401c4d6b408b38a34847362a1142552f24e3cf3d4f3a201cc9b71c827d43b64831c7534f4d09c3638ff64be97fc448f2556b810f209a7f66491492715d86bce3488a922c15564db92c1df78f88b3a355689ae2d18fe41039b21d8f1d0c90365a3611535c89a62c3122df5f55760bf23a19219ed432fa64a2c79c1014a0ea9410644362014870d1091a186451d78c112628b9c89919596d963a10b4858868b4a83050fd38530c0861e65dae8a1363da64b70c106e9e10183631860e2187a5a55861e06b4608081e85ad3810635b0f1f7dd56bd9244121d1654f7628c33162913cb62628491fa8a3db6b48f1979e2e44a3ea6f1d862617ac2888b8c4857e3d5846022ae85d0e8813035aad0a307273684f0b856b26042210c98b050b685d2d0420f2604fc07861e2451ffa6b8297498e26a86b2d0a30a65a6388e66b2cb265b112e56eac006238c18801598406ef9cfb9e746d26cd51481223f8e345c889d0d3b027cc9c1272a3cc3c311c77b71c6d5256100982bb241c6ba2b2792e5fb1a374cef30c2c8230f3ef8e05b73d24b373d3c23e4a6a9346f2da7c9920e0618a003d2ba58e6749138f79c0f082ef9e0f70ff8c07d78e28b87aa3c9763b76176d24c33b9dbf32a5966f47f4860a58bbb8d674af7cf43effd039d76d4e9923c964c238dc04522020d9c2fba4081f4b5977f7e168d8049a98af6405e26463a30628f3dd8a003429249252257914c2c830478ba80cc16a308d0f1a11fbe3bc525fa213e9f7ca07c1469c3cfe207ff92b610e4220aa8826ee8774214828763acf8e044ae67a4ec4dc406423a8d465ab8a2063e020531444c1870708a7ee0c03d1aac083b3ce8378ab4a20d1f64078616124272816822b8f9d444d0a411762cd12248341c578ae8442b7a318563d45c26664611230869001899a1040e6829ca80c0007304416aa0c0875308f1331f084345da303127480268206a43208fa105e524c86b92c8024198400c05f0a00a4cc0c04478302f6c64e1022b70420f745005a951e41a5e839a6c20e40427fc8c69eea8820ebed6aa82b4520fabe0018386e0c92a54928cbb245e07589891c79df14e46780427e6784c03ac913150c8431e3f73893e52245f9208243138951b34fffc06037f8cc881b4700126300006ad49e442f2f1c86310e74053200326e055912ac06a08c7388602d400162daca25eca49cb2afea2050e49021b0779cb3f84330527604212ede3654335a708ea65cc08ac40664559a19a3be2408fa0e10914fc285082d006a02bc88b5f884184eb3081416458451bbc322fe254848affb8063dbef98f1455915c5ac0461aaea186b8a8811e62294e6d2e80010109f518bb99d30ac8e004df10430d382546281d7a55ac86870472ac684539b140c6f850a31bf5c925f8e051697a90a6f458531bd0f0b4b910a153dc99c823cb42d7297aea36c3691776c4f88f34cc053b4e608782ccb4561d60250b9e24860ea8cab4852880ff0136d5c25ec69655cc66f6815ced2a326fb79830e471ac1afd895923fa471dc40503c43093571242202290c584725dc1235731057a44872233750785f60a508aacc01d442043bd86a000bf1684b5ee3a0611eee9d84e112d0dcec10403d24083d88a50b3dbe52e5496d1d98a82e086508182b4463bd6b26e509a7b21431ba694853660031bb57ca44fe98109356405139224060f7a6bc2bc4e612d3ac0060df2e195982ee48f3d70d29412428f934a270bb8b10d0de8710c2dbdc5bf81e1c123654306494cb5bb2326714848604cf01e9387510983b4cc3bda20f684881f152458745049881c63627c5d053d7c4c0feab445215e812c4d2b26890b2843303effae8293288286a1eac1a63ca8e96b04a385b5cceb670e52488f7d0caba9e960a8c460c25f4b7c66345be411293e661d0f03054444cbc5e725ed4e664c910bc000032b886d2d33048321185819ba55c3f944ec0e1a80480144d0ed44ae3104656c68d14370c70d0b3d04187045415a2834119c3c69055c43197e76c710d2a010731221d0664e73abd16c0336abd8305008c016e2ece269a177a377569761c7eb6a6007db23998844ac0df088c240c115b68ef3ade77c5e9df031630ddb95b0ad7d6d8f0ca0b3283000b70df055f2068016322077b3719d6b3e90f614d1bcd805f2c1506cc75bde0b5144b18fe9ed397a5b9927c9052d6af0ac729bdbc5a7c883ff22f0284476cf5be10b5f8c11566c92efe63bdfdc4601b7dd5c1245f4dbdf000fb8b34f11008f42f00338402bc34d7e72936462002040812fc6159513dfbbdb33a7f8c33d72815c9862073bf8f7bfc90dad5b6f01e413c944334b8e72a4275d232ae76c320d43519a575ceadc46364972110529ec9ce73dff799cb7b081a32f240f61577ad9936e846540a2ab2010264960dded8ac37dea9cb0f9466c1005ac677de73de738b4c86e76c02b3d8ef8eeeabe9f526fb8cb7dea06404d4872010420e03def5ae73ab9131e78cc271dea6cbeb877153f75a943e2e51e2101e4212f7929e87deb35a0c5e533ff7a93bf9dcd2878e349142147d08f0205a3e03d0a0cffbf112300c201a68f3cde534ff9d6c35ef9486f3a781b1f95ef82bee2ba1f85012eda11233840fbda373deaf54e8b5c2c5ffc26d776ac23d1f6919040f7bbe77def51e08147d41e237b0084210cb1fde19fdef85230452e223a7e00b4b63d50bb58abbb9158b3e9e3b6510001051ab6fabbbffbdbbeeec3bbfefbbf00bc4060eb00633bbfc2b081ddab384878041b403f8bd883470000fbb33ffccbbfc803025720410c8c411233026373baa82036030841f9db880b38410040c1148c40ee83bc5a183d1914bf0b7007778037c5b806776035bc69becebabea8188006bc08cae800239c0823f841140442155cc15a00ab231cbf151033114b8d03d1aef0589eff5f2b09d94b31da4b8d065a0600e0bddf932100f0002f0c42210404322c43f13b437a4843c6202e27030f12d04070430c29ecaacf520c62f28051f0004bacba8bb0012ffc413fd4be1d14c4d75b0180992a34402921108250720721a8022740b51548832cc8823470325553c52c80011ef88f58990d27880b3418020c10822c802c55049b3849c491603a7c8b44c3283f36e3c0c3a08c3580844ab4444b048003da03ea310210d8443074804f04c5cc23c4a97210499802b0b81a88d01a7a900427f10a57aa8db8f08a2a71989f390662388e03819fdf9004832186ab71877799023d7018360409622240648a843724893df0056333409130820eb8c36ab446ff6bfc2c4dfc3d1258033e04421494c86bbb0618504225f433c410ae4a224994749f868c2c5c742872fc076d32a93911b34a0aa4fc7a8b7ce88f08233293fa14b290887dfc87b4388ebf989329510edc78909060078a9443913c4063ebbca71880f7c3c86be4434b24812ee4c3df33c18ffcc13c5cb82981b0b2c004ae390ca102a85ac9885441c68c48912223a399d483ad70156bba06d60223838a30c05a902ad097bf9c1305d18da2fc8da94a91396102c2fc23b508898863332a348c384cb1b224894c00018cdc43cfe4ca0e58834d64c67fc88447f8c801b040859b122d200312090c438c8a4d2b0e21d0258b10c56360c28ba04b9944c37f502b887002ffbecc4b1e982ae1609aa17c1227110eea582dc484249aa40782e894c6240682e820e90c89cb04afa91489470caf66d4caadf4466f5c867449200020cd939b923959880399137620822c10022268212270021a1082a0c9cf110925f9240322b0a9db7082a9620758cc8256d44b06a0a58230103470b26b700259e4cd86bacb1ed890e0fc0777cac9aaba8e2ac090fa52cebf6c4e0a49ccc8a44ee9a00eb2a88aa7b437ca4c0c674c31b62b8ccde44a2f1c4bf2f4c26538ba0bb001b95c4fbe6a030598177524061f4b0e8b38107cd4020b1b3384990d1f0b8c827a4b026180b9d08dd6f80a35882ab0b093473a18c1a8cb3112c542fccd0bd5cb3981324c9817ff06430e3da897290091c15c4e7b71ce7fd8c70bf80d8260cc04a9174c2848a70c891805af463c8cefe4041184419158866bf4cc1ccdd147d842b39b122b25b005fd0705c0064c882449d00310d1900d391026700735a0812c888e038915316b15d63429d9708296f28dc4ba274ca8a4bfb81a02a181ebc80e35d80b314d2176400327a8a55fdc10772003a98181554c508638d034c099fb04111a2083e8508055b89afb74922180aa7f385601d112615583b440b590f84ecf82d1b51b8040340c12f8411c7d5443e0c41f7c84752dbb2961a7b9684fdad001212083b4481541da95bfb82c18700226100c4a7b8b0d592d80fa0bd988cf2cd002b66a8315f010ff76c8877719911239113a014c0c7482e6a0290fd14d8e984c194d8c3d4031030081cc348cd37cd43e84d77004d2342586ba282a4c70933aa8829e290b6c6007875d08b2c8a4474a58db50ae868db003e9012190840fa9d8636007c9a2ac2b89136bead85f153f816cac7c250912203cf09ad992e80014883fefd044988dd798fd4214145b8663cf85f80b95122a3d58017670825851000c5083a97acb7f704c8218588cc504828088a41db4dac8901e885aa87512dc8a8e5b198bc45d81d6c85af1bb86381982830c89cd4bb1ca2c0c00d2883d780c1a555b6f345db6dd4443a857a5835b869817a264add6d0a989f0db7bad02c1989314b1908a71cb93e281ff7ec902749caf3cc50e35c0000fa90206d0816bf0498aa918cba51f1a20d0d4a001f601ac07cd888be51034401fb7abc1ee8c0aca28365f50d48fb043d54ddfb50580f055b85b2a2765d082265b8155e8d42c68c99cd1025822211d60022240a885482526c51257d1df6ed5021d20832160529c12a4a95286c59d025dea9959728729b02a32f2dbc530d1cd8d2c2d40157a38d36454c8147bbed4a048883ca69615893d40ddf54d5d0058e1cc43a2568042f7291c244a9c8a500427ba00273a9c0bd0a230929f0bb8060c90cb7d4944bf6d03bec519776b857cb886f471b78b95e27f6062a0a2082abb53eb2c087790a27c5083e615daab5d013d0b9cc2b2e2ff855881b8284e29a28841edac4245d99503db95350cb7598647706179fdc117685f715cb836f88bb040030cb98021000b4c609ab7c4802cd58156691827680bdb6c98db228623be8b85a113c1c802af50082da8a7e2a898da284eb058ae636002a1b98b266390aa49644f79637a7351cc540cca2061af62dda7c8041bd063fb234f190e64a40bceff7d276f0a24638e30aa40256ce88104c1a72c48c47b7a0bf812027a700234c084f9a28d6330d8af5088dfb02706d08321381032a82dd64283d572664d6100610c617e0c6134688b729a0893052fab2c8cce75bed4600712581e5fde51619e08abb84dfc95370281131aa825a1d201861ee756085a7b5200ff1ad0836368858696cb8c5e88e2e40118a8175504b20c11b2e824886bb80605c8a9bd4295824acab8bddabd805cbeaa88989b3d40ce3663e304b72d8cc930df00bc804e924b77e801ea60b85e2d0b4fa1e8c42515eb0c5a562298c6ca30da5d0805d1a96b18ccc9ca2daf901a13550822488bb9f814dc60e96f7a24a9e91489d0d36e9de98ad8e7294459952de11701d556a86bbb6e8336b0ebbae62261439386ec90dcac08e694261bce903680c2c44113bf346c265aecc509620c508649ce8d7506111ed0e67c7058c9d20165600b4cc830009b88c35c8856585c655080b670870349a4470267e0d0150c50007a106b7b99cdd50e60be52ebde4a3038ae28ff8a43265690d4e3d9409f2e0925e2811448017880876e38010268873388ee2098ee32a86eebbeee3298eee98eee76208013e806318087e4e681bc7ec9314a832938a421c090a109e029504523d5824683017cc404ea1825571282cd850126c0cb2ca8241ad082723e86f76e1a046624118adf32191b05282e49208383361b32a08759140e2c1d0c1a702d2e46dc1e508034f0108cf62d8a186d86c086eca081b9c0804ee90165a054d7ce078888e6bfa06d505ae7a9a1073d902b6daea4705e6bde361c7b035b48f09fc57848630b668f680530406ee6f68733088232780629b7836f68042b6f0471c8722d17876f88876ff872300ff32dcff22bcff26f90f2ff67c8ee3368876e106f1e0003c73ea1dd05b1ab1d15e498deafc8a5897087bd908467fd8d586c2c36cc8732b94f28094c06c092e515673d40835e7187769ce7ab1591bf08edc5b986bd280b2d200805b02b7ab093b7bc0b3d90d8501371d116710269acca450ed61a4cd756000520e52910240ea9183d80f433258253d681e8c81782d86d8cb8e71c1c80e21e5b63fb5c9068051e100302787229af722be7f26fb0036aaf766bbf766ccf766dd776328ff6342f833517031e6805f3d69c06c10685502a26b698ad6e85e585b7c14651bfb8662d1e672788ed0de994a3150ec24069bdfc942c08184ca5b4de3aacc18cf0b2c90755ebec895801650834278a6cff8550f853530065c887365006db6c788d9f883650353176ae2ba68159143510818144a3a9e95a01a4e28a52cb0b1aa8b476391f11cab394cf076588cd8940bc6e6359e14e0c1a8cb539b62130480131388133887271c0f269dff66a0ff3a70f73a9877a6aa77a2aff72a7b7f66f58fa461801702700314801382f9e0e39da10b14ebeb493761f59c1b617e1e09a3aa988098f6fe5406b3216ca2a9004c1f89471a508b2c8d9a7c9ad811e8965f00522c70823d0e59330d76332e18a50f614e806671f81686ffa6db7faa9cf7ccddf7ccc07f3acbf7a2b3f73706ff371371d515c280ed18326b173b376f7d46a7bea808844120ede76371a28e7772934df4a11ff007d0b0c208b4f79a4e8e0014ac30dab5186e9fad1c1e70833ca081ba0284c6c46639b438a00033170f6a5df0471c876ced7fc11f87ef00fffeff77ef12fffee977aa7dffa4610fd3310033028f76039902a3015bd92ed1ee0011a000b1a6805870108650afe11fce7845816056ae8e971070313311805ff61a057e55f9b1ec4d41021860d463e8d30d0105bf54f08b18b1dabac5895329f0e7aeed4e898b26222ce9c3a77f2ece9f327d0a04287122d6af45f261bac501830c0c9c8d19e243835ad6ab5eab27f60529c0852a691383b62c78afd66f62cdab46a47b065abf6ad5971e2e07e6beb962ede6f64c97e6bd4e85910022978b48a6af8304e353de8ffd123260903c12ac41848d248e35f1662c4d24cec98d260638f4e705ec87cec18bd2cffd210d3710c1b3121ffdc61a3579998168c4c1813eb01190d83e0c446232e6efc38f2e4888d748064956907e5ff3a5cad6ec05790677df5eeb54357eedd1160f392472b6e7c79f3e2ecb29d0bb73bd9f3e2001380c7e382f4fc3857d01842e326412b1031c435d728c3c33ff91091c640055d00c31090fda3461a695ca3d305ee0c31841a04b146861a68d0c00e416a0c41443eee8cf80f3bfd29934f41d75428a17e35da78238e39d900025555a1c0940190eca1dc1e5401699d01e098b0975a65b5250e2a4c4c9141237d4589cb26eea5071739026841e5968d5cb9ffc9599b60316523239875d75868c1d7d75f812198239d37b2265b9d79eab9679ed435f523a006fc68c000d2f98964538b3c3342596fb13742380268864b387d65e0d8267e99e79796df9c871e9c7e855307315ff401aaa79a9e755e38974a92a55991969a8eaa9dcaf5d69b7f9dd10d617cfa1a156b26fd3a2cb1c512e5e7a04c01ca142bd2d98028909c34c3a87767a959d7b57189a385663a74d2c82697f6f00a2aa890335723e4a2f20a58e7a9cbee08e2bcd28936eb92fac52b197c2b57239d64e00658e291eb6f6fb07e23eb179bacdb08359dbc1297c3797577de0841f893421bc66a9c133bf964bc31c821136b84b2822eab2c0a501d97423b652cf2ff9ca057596142b66bc2150e16c430c1ed17e1349201431ad14369a4b011734ccf38eba1590fa834f04a0f7a70ab8412c44c019b1e198413ce1798d0c3401decba21f46e3d9c1baba45340a40316193030eecf6057b966cd6e3299661967a42032df7dfbfd777e20981ce8b20644871818629cf14c232658e123e4d14e5bde7953942a691d3ebb8d9b064b63f10a267a7ca101035a88a907034ad4611b2ae348428c1e4c7c513536b854ad4538a860c2002e960bd000a94c68a043c1edca5a7bd53aa0a2073d19f421a900955a7b5793f03562c71962cc0938f7dd7bff3d41030c8ef2b24f4505063c8b8325d608cdf41873c940ce5cb75ae7a1c200266e6c22ff09034e037d8c1b1690332674021b98c0c517b0d08970544d0316b04003c3e1394f8c8a181a58401fb4d03ccca9e3525fa2870e0298b31e640a2c0d9094031b60b9d159501c7ac0062a3a8596b6d8ad5a7b39cf33b20706f0f1b0873ef455269c33be9319ce282c635c58c8f20c13bc2c667fb28a2f940417b950311d1af08816b4e035078a8b1cb963482304109ad435825b5868c00989518771300f155bbb171aabf6055c4c8601b091c41770d3885615cf2fe990d417e2684154586d80e190215ca87716f8e0506f3f7c242423891cea9c8c8891c88450da908233d8e17a6de28e1d46800720954c5091b8010db545c555fa855b0c600c036097afd6b801ff09979a4223dc8085d9d52603a41280059040474ab5f18d1644820598408c0c5c910919f88200b090334978020923f4995fd2e8c03edc2b8398f8e5216fb5a545366a2f553a033c3e26498228020a61080314d629cf79ee211243ac64a17ec2030294a12f9f4c0b5b9878155f58a11026a0997b564945bf88ea527a4085363a31366208e07ec450c2994a850a6cf4200319589a4741084d4c60436bc54c07a97400cdb7cd520f0f201d2eca480c5c60412366c3e61f5b230001d81115e7c04263f207967651719c358c8f38cad08efb3c120aeecc031ff8f0810fc4739e568de432ee59b866f5240541e824771c952d13c4a02a9140033768d69e721c945f0cff7d6b231a40470d9c636b16b8e2077bf03a3586a30157d4cc4cc3e1892fc4f26819f08436da980ee0e9ac31d8386338e8a8996338efa39a61c2dbb6368eb88a71371e11403ac2a18dd765eead6e5d657ae807caed04011ee06b671ea00a81a942e012fde84755afaadb1e92ac922783040974d28a4dda2189d5224f39c41189537e43ad72612b59876002b8c2951c19c0821bc2318e71e44e9a9d681b2a04f085ec86231d19d8690642dbd7f3569482e490a636b6765d5d0a20030dd89a36ce3bde067037bc5fd08634b5bb5d72a002bbe7d55a232cd000336213ae0a2d6a796a5696b1cc059dea14593bc300d57e7ce012b6bded6d21c087dceeb6c4de6385ff560375b882242e08eb9bf071f33282781c345e723968336eb0081470c2a00cddee6637bbc75708781ce4488727ee7bdfbe2e796b0df0441fd4eb644f50706b7ded83959fdc57285b391c7de07238bce8652517d9c8482eaf27c8318e5708805453f0d976a96bda071bd58662394f1978b531776a980fb3ed3088037ddb4b404011263e74f7c4e7db51a080d1a350591b0880c4501a7555e5684fe34cc00d2bf8c22a330332a8430d6a72905acc5d3e35aa53adea55b3fad4a5563390c9315ad8d9b711a096b383155ae9d5fea51d3b2c5618380c680808bad8fd1831a293edb73d40c2b7855b461bbae1e24ffe132f0f3e8f09ca51084eff69509110cfa863fffd6a5537b9d5e63eb736dc10df735bb9d4adc26e9845ed1720e35ad75b6a13591a518613fc7a585090aab18d7d093e185ad9060f59561bad70472b3c125f01658cf3726d86e63812a4ac241a4c306a52b3fb0ba66237c853dd002530e0e3214f35ac6f6d6b95cbd9dee3e4cb5f08b03d5f29220f1f0e3888075ef083f3bc58f57436c36fb0a445d2ed3bac84abe3baed5b032c42e3dc6d751f52a1e07020e18a171c733a1e78df6036b901c14c8594fbf040242c59ec5e577003b859aa055800cb59d6ba93d138f5be5a2015a82675ac454d6fea5e3b91aa1d4b9ada71613e051be7392778cf134f2c4a329cd1cb5a04f55239c5a3231d1c4af7ad2f3a618eff5637c00da3ab6fe79559870c00f85fe2b585e7eb6bf773d8029ad8bd6f1f5031bafdbe3bf5a878e0bdb0a001c8a65df7b4bfee79cfe809df57d9d5a5d67ba85b8e5ab1d22fdf6510c3e0f35478c3f743c43b573cf6f36404c73b7a14def77ea363b024c9d74fa1b8f68b3aece9ec41099dd59d7f5d6d4a9eb3cb6ae3183ae8016c7aa005d8286f015f804d6368812d581349c54449598016bc4d2c61c2172001a948026ad0830090ddead446d6641003108f12688332c18616acdbdd999ade9d1f512ddf5a341fe03d5ff4e1c8f451df25e4c1f5659f0ce2c852fc08f8315ca3659c6aadca42e19a906d56d2addf8ff842336c1eb965801608c002480a139cff03a928811bb8c13158901b2c8d12c855a934c0d208801b28132e2440d56081057cc1e821a01ab981a4e801634dc1f0e98c00d1430f34401ed501124ccdbfd091128c21455940abbd5acacd5bf2e51a849d605adc5019b8569dfcdbcd19dec0cda023e6c800d8200ea20024f8410c308ad1b9d55b09d9bc69d63898402138defa1940fbad1a12e89206700b1314c05c15801bec8e2d7802cf2400f4dc5230650047dd95474c81066440db99d102d802f36440d5084001d8023668c102d09116b090242c18316001064d0d0bd581dd9d1bc71559cab11ca7b81c40d9cd6a7dc352d1491e9c02f5e55c1e3ca23aea471b4c42b3295ca381c00da495094c5e0f6eff629caddc80915ae3bc8c10a240243480119e9ad765802460c31428d32ab6a21432801b98211614401e45d345615001e8801e78820508400f149606d461f33cd0eb10e3dab941322e40d5488d164c411dc862f320812768842464112f961bbbbdda26a85c3eced9203a4a588152e0f55b7ed49c39e2000ef4c351e2dc07a4e33a36a5715c80189481e300ca2858628d318a385c9a2add233eea5d368603288ae2fa4917aaa1d132960a0730212b5a5002bca24342a44452941bd0c331d84202e4111320c11c3da4a4684106958a0ae02203d8821c2d80492ae315d5410264004d4163069c4332515460f6a24d869c1721df4e32149d89d551cdc70914467e94ffa3511e65522a25533a256a1e050f9c41c0e0012454a274a9555d1c143734437251de8f05d93eae9a3908d4a201cacca091700ae702349300bcce142c21ece042433ea4191500f42c8032f58012d44644de8e0078611d2e27b724e72f056332dad2eee0c2d46ca72feaa10e9067a9901d1a859ca8f84cbb6d63666a664fce909b9805fb344210ccdc7140010e9cc2681a25520adacd2d656a1ee8508081a479125bc440331cd433c4c36c9295154442d325979ce9a691eda695ed519799001afca6c2f9022aa4c2700a671fb88112e8802468004b7a821bd4c131d441174e812d40d09708500f7c4130e202044ec1173c901b68400fdc1f2edca806f9687a0eff209162c12932c1155ac099b028735a0079dea8d7618116b5681f34c06255e6c985997c0699f28993c4c4c733f81a72fc1b8006e880de5652f20188192882d6695795c126509b5aa9c9081c540c2cc23b7a808fe1e3caa9d9b8b59a399083c5359e0d02ca0d78c389a2a8055019129c03943d1094f581d8692aa776aad8b19d272c00067daa053c24db99e179b29da7b69da636c002c0a405b05da4360032b94135cd6aa49e9b876e8d1fca27df99e037929358fc052222061404c0296c40800aa880f6c329105c1878d80bda29b5e20418b44371559b77f4a909c4c3102cc2f77ddfcc9c87de6d424e7ea5b905e1c9701f40be8289ce2a646aaad69d5ddb3dff90bcdaeb03d56bbeee2bbfe62bb76480aade2babda2ba712acd8a1dd70b62aaee66a98869976e5a4bcf12422d98cb096c51908e55194e3066cecb232ebb356551848d569566b9d5e003ce0a99dad051e5468b8862b24881f2086dac9a1512a8462a3765fd041ea897aeaaae66bc1f6ebbe0a2cd0d69d001ce9d01a6cd0f2acc22e2cd39ee8c961e6afd6275d0ceb33c003681a45186c0122282bc7762c5292d8bf8d2cc9a6261804c15c7847a3dcc55c006aa385ab078cc2db8ec2ccc4ec8085a9700a14cee22c0a80803798a8d2fe6cbf0aedd10e6ebe16400210eed1feada736edc28629ac996b3e72227d9ae9d4b68938ec27d622c2d66e2cd776ec2984ff414eb4d3d822680a9481718555e499801fb4adf7c56db8820035e82377999ab9cdaa37a08128e6edf73d803728aee0222ef006aff0b2aaef7629e3ce6ac31619dd4aacdfd590beedcd504001226cc1066c2ee776ed7fc2e0e8922c189c017ea26dc4a18509340324c0adf99aaf07c46dc63d5dc831ad37ec58cbb62c0af841df1eaccfdaeff0e6efd02201129caafe26add21eafd35ae698ae1cf312a2b09ac519f0274f1cabd66aaef562ef2968eff6526be992c92729d2aa349715b06edc7ef02834ddaed62ee382a824caef8f58412a20d3ffb630bfbe2a122442012442222041274c030bbb30c112efe20ab070865cf2cd2751d1c5b5c0d85f40af4fe4ffc216c8000443f0f56e2cb255709db64237684706abd62a99c010b42e17c36ddc42c2839edb897ee9aca6821b2ceaf7014a25a2c13920532a489d0e3f90a8ce311dcf71ffd2f02ccc422258c02b4c4305c8821904403f98011be4b0febe71e0f6b00fff30c88de9de7523e5d24db6b4c93310c00a1644d6ca00133771f55eefe74a719df2808be9057e526c5ab0925c802b17a7af17bfedccacda929131d372aa3774701a8f823ca28237f4adfed6b12fc72aff06f31d27821e5bc00dcb022007809f5dc2544d952ccc822f8b6a1cdfefa676eaf136ac4e462d02c3981d6c02e6ea4418d0420d68b22637b1e6722ee882f281c2c3338445b09e32579ac00dacfff2dbb2723d1b14b9f970a77ac30370df22f0ae37f06f30218137042f1d07d3be0ab34223131268c33424b39cfed907d4160454f46cc9c21e0f34ff1ef434cb2bcf2ef2c941ec0f0ae2c44ad89d8dc009e40409d0022d9033399bf3f4a6b33a3b652b9cc0d9866ff96922c595af3dd773fabe6d2976992c372dcfbef12278801504c22e576a30edb2273cc0be46f3424f75ff4673224c43200b9b87555f45175b6d55c02c50b542ffb2fe2aae009f9cad8974d496740d89473b5cad22b88238d7c038bb74136f4100c4e04c3be26ae6698c69b0a77025bda92efafeb4617b0008685e960970a7f66bcd16c252e7eb2ea342854202ef0613db05b34607733477ff361dcb02879d638841c0341440672f340c6f74fe2232bf2a72d3b2db1ee11dbd65a6d4bac5710d6b10ec0d14e4c25cd3755ddb355e93d85e3b223c8847c4d10f6ec62c398c6f2478712b1f76c695d7f1162ce0e62bffaef0d8edf203002af859813788aa30c3b0678f371d27022854000e7c4069e25c45e3412290771d6b7655cfb10bbbf6c24a99b9153049af450dd58518e48229ec8080fbf66fbfb4700fb70cc203da920757d22dc711f6611f7655beeb2cff2cfeeeef2e6b031af841b3856b2478420dcf377c8ff81c27021108f27a0b1c1f74c27b93381d2b3466d3f7f0deab35e36a3a9031369a2b3f1af001dbe75e94033304f880137881cb804c23ffb80c76efd932b84ec7d9c681e51044788443422150f8cef6ec85efef03dc4073375a3d9b2f387cb78b8fb9a816037abf69c00d9c36b43899c7b766c7aa8c23eec17e74d3e2771fea37246f735d4c83149882140838a013b90c6c412e20395f3f1c299b320f6aa2a86d02edf626083cb7943fea70be71dad178bec2f1e07ac33cbb2dfa7a1f082c009b8f790194baa99fbaa9cbb01900289a17db2504c002947a9b7bb630c7b8ff02ef9c2f6da4de38239fdbded1762403941dc4819fff39a0ef0081d3420018fa0c7a551225ba3d762590a59a3c4b7a84034089d22c0f67f9e0ceb13704c22a7f3a2b83031bc037aa9fbbacd7f17b9b817a336bc07d00aca3ff7bbacfba1d5775fff62fae1bacaee32a1007e2e4fa64283d431cf4b9b1077a0dd0822b6012b3639f182cb8c4e934dd1a19ed6e8d3934432448f96107e7a5f72ce182b730bf6fb81bb6f72d8298d7b1bc9fbc69977702b0bbb28e66abcf2921a3fca9d37b1ddb3aae57f3be236f5f999bc43f3224cbd0a5b1cf0810412d14fbb123fc812fbcc19d80274d4f4e7f0a8fd72dab4138c6a72f08445d631b746ad3311ba00108f7f44f3f800ca3fa1ccbbcbc27820ac842b2b6fcb20ada6c990128c87caca33bbd73b634072f9d33ed4dfa7b9e630b33a401cde885a615bd1414fc0e1cb9d21b5c1bb44338620b3c437dd44b3db9d52c0054bd3c16c23954f7d172ffb4dd7b3bb88abc845bc10f9c7bd9a73a0dcbbc79cbc2137bed7a7f802cb0c1a9d3f0d8977a8b9f7c9bab369cdf7ae2d238e362e3adede42af529333800201001cdb0cf34c841e1ffb929147ae2f35cd9fa352903b6606ba818a7422d5fbb1fa08127f0b27577bcc76f7434b30138d0738483802dccbed9cb3c28c8c2035f2febcfa92cd4c3fad77fcabbb8408bffe0b2768d0344038103093608771061c283e4368d73f8b051c446e2cae171e000089038f1467c1b6162842c29a64ce5fa7712654a952b59b674f912664c993369d6b4791367ce963c8234b2f3f35b50a143c58993f8d02139721115363d28d0db100f533d00b881ca9bb7067dfaa44a8504ff8905b163c72e306b012c12b36bd99a4de4261255b973d1fc2870176f5ebd7bf31663860830e00d1b7010c671f8703f1cfdfa7d90058a6f64c991db566e9b56ed59b29bc772f55cb0a053a749214a6cb40ed0c58b40e47c2b37e2672322526a9549a113776eddbb79f7f69d9347994d7686761cfaada8d1a348953215fd94602a101e405cf5966aab855459dd84e56c6101e6cc962bb3f1336a6efa4589124d767f17141e575b020b1e6c18318e4b8bfb5580fc1e40cac8b30c2cb4c0fbee3bcffa004da074047a0ea1469422679c461c8a681c3954c3082339a601e927138898a691676efb0dc514555c9145dd5278461ce28e3b2e39d32c648e1c080f7230ffba21d0d0e6ba73cee9ca1b0b1ef00384428a2ceb2cb006ac0c2f361e488f4a70ec0a10af04f08aaf862d64f8b2befb06c3e11459f008e003c5f0f80f4bc9d86baf00b3f47a922dccd642502c053f63f0411d9542aac246e430c4900d57038499d7422c87383b4e6c11d248259d7437781a2d6ec6a26cc4f0211dc3e113aaebfad06e3b6fc0010180a96e58123cb39ca473ad39d900013d2aa95a840d38254b40cb2cb5040595f96af812ccc0c4fcc08c598ab1054d1c9a61f32e5edb9c16d6b59c3c10cf3c2dd81354837444ca84210875a05043318a03c4a07eb2439d6e287d17de78e5b5f41b19670caac6e538cdd1d36e3d2b15951b1649b52aeae4190fffadf19e948c0d706c950b800cd8d04bcb5e79bd1863506c9183961a3c265686303738c50c5b20aba79300707063168c5dbe78da00ab0debd505b2cd5341503d0d874213f0201468723704e25c6e8cabd78e11c41143dea69d7e9a3778d4b597c67c4d436ae70678044dc1543c19c20a82ab4a150000d0f026ad6a2363efae44d858e461aaacf8a1d7022ab61b66bd4071a3165a76f0f86362eb233901502ec60715596c9925b2bb6196765ab6f9aa36bcb034c353cf6ebd7dcee73580fedc50a201317aa875bf611aead4555f9da513c4a917768faa568e53e6fae553cfa8a69baa6cb209f6036d58f39253b21f6e887b2a101260c3658a5d0645058e77981efff0610547640b5750e1c0e5595a7e19f268c18f79f2e1e94cdbe69bfb1872419d9f33279c3500f87cdc72550384c4a3a7b6a3917658ff1f804d1303d2ee2594e4d0ee469ba0108434b795dca1a16065e39def40808a44d0c97c0b984c225011172a892d1074031ff84031883898420a52981ef50217b2ece1a1172394e1089d97a5c8c58a726a41cbe51094b96e35c51c26b841efe647bf715d240d20b9d7ba1ae1ae003e118a2b12c3a50a881c4d2d27294a61a0bf142416249c630d119460efaa72033690e72eb1c28bae22f3033fc42d558b48c0f76638c7599c300a5148e10aff063819bcf01674ace320ef263e8c61898d6a8415fad49733f7214488bdff33c4fc8a183442a14b7fc75997384e7081287e1294b821408c0898492bd22e50e39810bf9ec3a75478e63bde38ded86849440058b02de66b0f1bf722ad04fc2010108b20ef3c008e41bc4c052ac098b2e290913cea718f2cb41e1e6ea14c5e29d39a84d466f8f2c24dbec08978698455abd2d743471684479f0a870920684b4a1a510e2698c8eb96b8ae75b4c393a1d4e73e5f32c075116704fab3da8d2cb4ca2de26e546249c566bc510832ba5382665423f9a2118d5f2560776223e654fc704c9725f3622a18c41032e2cc3c46539acce8453259da5297b234a4d9dc66c50e1933e29dcf72e5e40c57b6c5951f9aa019d381e8243fe7076a98639ef4144aff4764f4137138919f518d2a3ce809947b5db1769dd21117798a206fbc9196d0380636b0c1006c582316b6c08b06db16a004a8400b3ac8810a0a30080852856cbc5bc40d3220c897aaa01843504d499f994215528f19d5fceb62193b531a22f2826c5deb800aa4c3ef2cd487a049853c6885575b12d5106b6886698a52c57f3e55aaa90d6537d48134aa1910ab37c2da5619a4a79b790315b684063db0e108dfd2831eb8605c01401aa7bba88003c53d2e073e914c5be8811e3910810f4a08378d02c00f81e080286ed15cc68e74b01831e94955488b388882b1e9556f4cb789b7bab549b24f6224e6b845106f2ca2569e25225187204fd2961653ffb4833808ffa05a0307300542f98929ad682340dd8e6bb645507816f0d5b101001ac40886044b400c2df02a1a5fd000163086050d8c5899c4cdc189e71a0d3d30200702d0400e06713c4894a004d0c8ee204421e219fb60b1c54085e78656522090d71471288677d5dbe4f4820fa4e3b39bf8003451f9be8abee76c8037ac808251e457bfbdbb817f2f2411a5d6937ff038f09a5397824601259303addd416b2b61ef6c263c68890a1933bce1b2c58218b1c840347a400c6cd0a30e7455023118c0006228e1ad8b6e747013015d4960c2d039c8400930ed6825a0b70e0cd0013688a10120bb14140f20b2fdc43bde240fe2131c90b5ac593a6b5b27d7c94fbee60ca3e55eff00b1eda694cd69967dba6570a000d95fceafefca3666829639a9c561ea3fbfa166365f1b5e2fc2d4ec8e32673a1744c213f6a25b0a20bfb2ed96b798e834346e800b6208e0138b16800aea308568a8400fc750410e88d183686041d4d190043170a1020d105c045a7837280a9d037e33a1180f884509985b6b0e14e306f40b5d494d218762d4e3d6210f79ad73bdde9976733256264f817898209f9ac00a063040b2bf3c9754f9c104e6400a41cd7c664d36cadad8167a8b78f08c78982eceb15dce41b736105866ab490a63c3f1cecddb60603a18d000000814ae01012cba0ecd5d711db081890408a0d473f8440e2aaa0762e4600e5f20b80a0eed75850bff40143ae8f7c43d1088412077d622cd38e88acc9a0cf442e48957bcc84b0ed3b7cab479ee7d2f969eb443cce16c3b319fb9976b2e1710e0212117827644005ccf6f9868e8a94f1118ca40cad7c256396576086d23fcf40957ae321cecdd6e372c566294a06cc1f0b016b430050d2480090ce8411d74800983bffbd42a70717405810582478301f4203e13b440062b40c311a4d6b0158a815c7c0c22b9f8100538346e283944e3168b97bffc9389ebc643be8e32cb6065ec7459ed14a901b6e3012261f3948d2aa0610852412100255048cfe74a8738ca8007548f0277030c82601dac2a53944eb6be0ddcbaeaf6d0a73cfce0dc34ec0500a0c38841eb1c8118ffb0e00ebe001772c0fa7aa0177ce0d21240ee98c00704cedfa04bbaac0f1744c0eda860c5aa001aa081efa0c11a7eef018aa11732a009914b054441d508ef2200211a7ce013b6900bbbd00bb970fe18efd6728dbdc667f26446d8ee643390c0131ec02b16c41bb46111648ee6d0a3bfe0272128a434fecbb4064c022b101071a2157a828ab88d53648b959c02a1bae83b9a64400a800d720bc3340c004e900537acc37400178ee1dd7280b73440e130e1dedc8ef83c6cfae0cefa94a009164d12aa80b722011acc0ac7b0e118ac421444216cc04114b8900a3d87f01ea0bbbe501887f10bc390d670cdfe4c6e90c867e5b08c2cbc010d50001caea301ce613bffe6b00051c00ab4c229f470f4ccac0fc52108c02010cb7126da81940a48ce3a90f63e1004f12c7d142697eec23c302c1862a16c5e00fcb2ee054aa00730410b04c07b34a007f4400970410b72c00772800974c020e7aa0eb4200b73a007344010a2011724e1181c41eb30cc118e6123b56e0d446188ca46177b610b7b3168d6200376510b7d0026635226899126636df100cfd69c6cd75ec6577e6dff2ec372c6021a5140e616c102bc6141b6e30688922817e1151450211a0121f6b0e71e50c1f8e70c5ac11cb7b2254e60385e0f5f10088bda912018b111294c1e278a1e1fa012db321f4fb06c40200392e91378650b55e02ee9f22e45e0136661b13ee116ff3240eb2e0ca24890886ee0e27c40046e211afc006880f11364523227933261b226b7d018034f271f2b6f522ed8f8ef55bce1013841e6642e1294647db6231022a10b162100fb443400e5bfac726a1aa1c0b812374f825eb60db6ae861d5b49b36cef2c6b661ef5e282ccad6c26c99d6ec0a3aec99ad42bd62c8ea544c13021ca3acbc60fb84b0b19d3737471ba2a133cc373266b3233d34b90ccf00cf322b2242b4e08c40212e1be4ab3347de10144e51cbcc10d16a13ed309424aa3019303cdf807aa72b31cddac8ac272536e2411150254f464a138a372d21287d8b3008c273925a92d0dc10f1ec0703e8ab144600ed40e276f4d14d0e03aad132eadc007ff6e012619130df0e13b63520466944667543c6f540b89b1fe12affe9a8cd77865b8dc434e282b11344f3e658e1356e595bac22b40a33f77aee78e23a05c8b381e85402b90f562444692cec11c6213c85220f424a1e031a72c63ad78291289082e01600df88a0d3a34a6188b03be4e0972c0266fed135012394f341f7be705fc200358b4450501470bd55063b218e9cf47f3ef3d2e68b2da82cb8e5452ade0288b8d419eb442ca0c4003ec529e6102af94022fe00c7ca28a620b5016342116515b2014f7d0a83ddba83acba64d676110a0279be4740be700e088811eb0802f23d30b7d8024f91443294956e14f310ff5506db45087310c1b4b86c427482523beffd602982455525b131596f491462395aa524a4b471cb5125487ee02d0d174361095660b38dd714ce131615cb53d79294a1c6a7efc60087e091f58ea138ac156ff8ab97650040e8e09a2e113e64004a2814623136167744f6de9049513a2d6201a0855592ff650895151a1953337289ccc02b77c015bb3751144c552090242bc91e7363528a6746ac4212bcb55e8baa1110ed46a1eac5d236c55f12c5ecdd4ada6ee066c61106af513b020aef4800956e1062852039a0b177a000b38a00e98400974400bdc0e13c28e0ab4e0189016ee06b60774a007aaa0773ed21a806fa82e14bb9855466bd46ddf16636532462bd3594794d67654d778d29bd6084d338000ff47f64839a13e332b34a2722aa134da7833366e5366d78c07a8c865f10539b028293cd081ba024f5a154ab0e462d8a056afe913f4001b98e0120140ee9440eda68018bea017dcaeecc296d124b207b4afd05411edb0410bb26f05e921189610f894536289886205e16d8bd7788f9746713479c53351194f191fab517f6011ba00708ff46cce615bd8a77d0a5734fe64f458d6238e0628acb471a5aa0d82c0f5d49572c7c1722f17ea76c867dfe3909e6710a2811e2421c7720c00ac8018ea600e7a4175bf20744b2d320fae0e665400be4004a880182421e1dead0904400bbe8f181ca16c40f2b3d496256fa17843d4833f1884431479e15659b77032bd500cff4d2ecaf2263df5c278aaf7485765a74e16659f43f61cb0f47e4e1c3fb57ca3ea7c7d62c104ca54b52a679d4e38c9c2117d369cf842864a28036e600d008d1e1820184ac0103a0c757d20808530bae6e00e0e4e09ee600ea8a021395112a24107baf80e9a6015000d13acc11a74d72d6d89629b004443188ff3588f1bf68e8bf74697f78451d879f3365af9e207c00186e5d30ad8e0ce3aa3be06e25ba832877fae11c6b187a3aa1bbe12a00cf1548bd88877168935b738ddc3973e0a15d0c017af381696901ed620c3c2581014ee0b7cc0074580140cb80972801671810a18400fa68f0a9aa01aa8201a162d18aa201692191ad6d45801e00144618fa3599afff31879e33647bb70e49eb7793af32e7e60341359e67cc10d586586b78520f8b31bbd51537d4e7cf987712f1994b4cd5e84785d67cf72cd926789932dda93426be865660114062fb4ee71a055700d3c4c04b000d3be40106af98bfbb709dc4d15e54e0f4480091e4d04162d06b50f0b8a60e2fc600de48799d14014c4789a4f1aa545d878c3736e255390c7f06e5f8a51a3c416fe36917d012b5ace9169183645a321567692aff227c8179e03e80269f394ae469596c293c3f488cb429f3f7601e8d55764081f1e805c088505c9aa822f8205456de066d9a1c13897ddce213101c672c0ede8a1817320a2196d8a7fa1090441d39ce00640fa99535aaff7fa78ff6f343211d50b77349b5dea3c23af00dc061b1359707f60d8cc697b6b383615a80113f7e7fc90878b3a8046152c1114430a4a8bc2412a19b4f63237aa97989447a8a544615054a30492b9042e8250aa8009a8e00bea7460714161c75809044010ee2007eaa00ea8e0ebdc7a17708109706117c438829920b89b600e0441106ee1169a40149ac0b943f80eb2db83a19b14badbbbbf9b14a0db83b57baf41d88f29936d011b9b7994631f8757a60e9c65ee067ec0552ccfb12fb57bbdf73f831a76f82708c815b3ff87aa626703955a95daf71df14c04f79994f146f230a6a56e010dcc85c22b5610ecf813b2fb3b45a009480126b3bb09d6d8b941d4ba473c44ff4bfcbac73b4449c1a4ef00bc5fdc8bb35bc6675cc65fbcbbc5dba4f9da6d33f6a5032f19659a27af35be71a54e82d29cf8a429427b1c36a121263b8723d7a94e20c0ffa7e84a15ab2e842110fc5d43b967dfc4cbbf3c1158b8b021bca54081035283c237040d04f58f8d378fc93b445bbcc6bdbb1aaaa114eebc148041cff7dc0b34c1cfff1c183461cff51ccfefbcce6d1cce4f9a847134b0ed36a65d6a845a061c48138617e107d6b3be0be4c891dc2964cb4626b99d1d65ca57e70c86a36585585f88b829ea0c731b91380ba1105041d6dd80d66dc1d6f3c27b4041d7757d6887b6187cbd18825dd845210e5683438806d91d00106ca10659fa6df55ac6ffad5b8c3fc1cef35c13f801dbf96102fc5cdbb57d02b23ddbbf7d02c61ddbc7fddbb15dd0f1bc1a5cfcbb7b3bc7a579d16594329b5733170b7c660198287d647dc116ce88ffec9b33d8e7879a0271297b4606ecbf471d6a5c67b36f16111511a1481b7e13a1108c0c10800010325ee301410e385e0e3e1ee4e340e4473e0e86a0e48700e587e00148cac85abea4d61c90dbb646531ac4435c0454a001ec2008cea002ccfddcc11de8835ee887dedbd13ddd4be1d0bf5bd177bc59d7bbdeffea6200fa07bec79b6d5a5243488308242de8ab5b17700ff9fbcdfa47e19d26c14aa96abaed2150153a469b557b7601d8a0e25d5eeee79eeeeb9eeedfafd925d36dffa519ba7be1167adbba3f0109be61e7db810092a11b10a0db899ef11b9fe8c59ddc8fbe1abc5b108ae1efef989a99deafb950b09f1ea668751116d970f07d108cb434a5f14ac4a932007e8639dd5b277b9ec2b536836eec29651033f0d489a29eed79d5237ec2169c0dd2e099869ff8a3e0c88edff88ddfe593ffc88abff99f3f8f8e2c03e66032f75e8f2b7f68e760177e41187e41052ce0190c9f00c69f00fc81004e2004e0c0f1d79ffd1fffdbd37d98854118a860177e7d1004418f359f7939dfd10182838a810307813360c0caa01f0912b0196405a1442b3f1215b8787181c68d0b9058d06821a4c83e7d42f66980326583702c5bb624372e66cc4634ffc589fb8633274e3b76c49569f32fa8d0a1448b1a3d8a34a9d2a54c9b3a7daa548c383b3a75da1447b391cc712ebba24ca7b201c99222cb76448284e3023643a2b87d0b37aedcb974ebbe351547908fbd3e44f8fd2b628ee0c173040d1a546cd7af2411f685ba87ab593b0294fd59be7ca2c2047e9c3b7bfe0c3ab4e8d1a2376b0236ec40a850aa0e08a372e7702fc28201ffe58b3bf7a7dd9f38f8feed9ba00a510f38495c948161825983021997b0a822c6e96a35a24d5bb6ecd8b00dd27575095366d6ab3a47e4e4d9e804d4f5ecdbbb7f0fbf688a6737a99acf79352bcd98e4beb7e42e5676d98194965a6cc4618a5d0a2ec8a029b58870cb5eb605465bff61c50c72873007a8c2cb0c1ec2324c05622443c06526fa7302029a6c465a8b2ebe38da047ffcf186311d7ab84f04495071982015da965b907bf1d61b70bfa93048711221c44911cacdf2430691f8120d1bd35d594075682d20a047639dc49d7f2c9113de4c8d9057d54e3cc1135f9b6ebe096753ad0431154ef7e187957e5a712526582aa5429280229d55a081084a8168a28a2eca68a38e3e2a85294344d8176015ce71e11cbf10b28f879ec2f2c61ff68c714289275a46001d5ec00163abaeb63a233fc6cce3e90cf34420cc2e3dd6561b60b8f925246f0319894f31912c29110a4eced2d00fd164602596d46959a0a0169004a0986392b3df7837a5f90dff4fdf9401469ce69e8bae7bdd6c22ee37777e935f56e36cc2a798dc8d65412a8272592847051c488b143b0c4c70c1061f8c70c209e375cb1cb60d4661a6bf1ca00bad9ecea343a87ff033812693987a220127b0c0e2ab269f2cdac636d63a032faa24b1cb8514f67a9b907c1159a440c345846cb256a8c0460205cc12adb4d3aae5114865017a2d9861bad4c8b630e987669ae811906ed65a6f3d140ff489fb6ebc338d43a6b600e2bb6f47d52d70d12c71d0a270dc72cf3d302d0f0af23061174edc29cbbc180347ac9dc151c109a7965ac18a282fce78671bbf010bcbb6be1c9b8f10d7cc9708370fc95b70a2f0dcf392c8055d4043421b8dd1da5b7229e0ff764ffb47e6d4de7e6b354f29708d7bee6fb6d3084f768c70e755798eb3e726fdf97776a0fbaeae1646a0bc0d37ddd24f4f0b1e4dfc552162135b5cebdffc6c0cda045ed001f209298e3141c98daf7ff28c9073efa92e30237639e6ba71ce9b284584de73179144030ad3350475a9a316eb0485add77d875e66aa09edacd68833e86e8214840a3cc2459534d9445e3161a0bd9267adb3ac6d3a0930032d6a80c214aa70852c6ca10b5bb80539f48a302218c42e84513196cd0354df6b51e150850016288e7d445c9cfbf470a3ee11e21787a121b072a339dcec661019300eff9015095b304b80042ca0960e981dd729f0255ba11aed6e721f71a9a7826c6c23ff51bc062e9c6c503f1d34dbbdd036a0a455673a8998851cb6f0c2400a72905b70852d6e31b3c2d89010a190dc3cf410aa17c1815422ab003fe0a0be226af255339a803122a7435530b118347ba2cd7c500c0e1ceb8a4ba2d2200468ba2e66646d4a43a0d3c22226069af1813bc1a01d78e0c660b291008d8823bcf2a4953dd9f18e641990089bc7c7599801902f94c116ae89cd6c6a730bd6eca60cbe09ce70d6a010d71b8c61ee908446ea10548273d10442e00f91a928939bac27ac44c50475b22c023c2a466080f4abbdf442148b6025b2c0f10315c03296b2d44896aa931d7d89512516c8a578bca5410c864382c2ec28eee018c778ed2926cb4c09be9aff39282ed1f24a8948c434c3095319988119b288434dcd100733e8540e3ad5692dcce08aa00a35a83570450d6450832d98a10984c15012fa56ab1d6a0c7c2f12dfc750a419cea48f9ef6ecea672600071688e10cefd085230ff08b1fccc661f6e3cbe70cba242b8862200b15dae9baa88429e4204bb66002136c01462f4db4019ec0821bc474518ce2a411a860022ec481851e08e0764659010d56c0140554210d1eedac51cec02e3b59658e7b8add0755824767aa6d8f574a00285cc1cd9882939cb788506d6f410a521826b7d1e88d087ac19b6808d716b6c8802d5081dc68904230174aa72321d9ce5675ecaa281a0326bd1082217a75bb9de9180b4a4500ff31f80319fabc183f7f40a1b68ae2207045885c8553d7d2c95212c4f882d06cc100066460b560d44e032c308563b86125df5909495972a6fc842303c490443cbe800d5c04a115456187168e81d9a560801842f0ac8783028f07068fb432315e491b2051949ac502fdda88b4665180692262c634ae311ef0219c9c7da21ebc11a80f7a210241f4c27285c9ed1dee509b41502102926bd91bec115de96a0201a62240102b308914ad8abbdbdd0c0b1050aacb84f70c84809f8742218c5e0ca2949a134534ac08d748886210c251685d07883afa7e41a1d1c86f062e52dcfd7ae42319306e4832c0004ca0c23b2dd1861bb491015484231da888344bb0f28a0c74ff82c13d88473c3ac18df4b4e21a1850405014c0806398fad418c8c750daa0867ca881c31ff66c1bca30950c8e76785a81c9f10a1c1640a5362484622d9666b100d8d678d988c0432f866524dff4784842b294c306d184324bce7becfb21aacc57a213d0017d5ce572e33a5638c39d2abc0fb84793453988d90046143958255c39818541e80cbe0b952fea7a50df0514d7cf09c0821ee8418fbf0a1ce0f9d5022ab4400c6230000ba960491f94c0802934f8e112678016068c0a8063630af4e84123be400c5c84a31924cfaf102ea0716260430dff1002c28f4184a0d080bec7a802ad6bedd113b0cb3e611b9e4c7e0decb00c9bd87a84e68b93bd0166dbf8d9ff2a883691a00845bf0c06954f75a43122b9be0978fb54f1cccc96cd4d44388420cb64375137baf100b3ea909f6b76988fec6dd02625343875bef35db124724c085ee2d1c80103748005011043092a1000267091018d0be00bf4c086065041e03ed481187ad0c017200c79c98703e01ac800c44dae782584e30b9818821a7c4e0322547e081718023156810126300003ada02f1a6800703200bda360c0754891493cfe202f792a26f633fd85ba5978c2151ba8bef5afbf0154d4a3ea46bafa29b13798351fa0c9bcd058dac74e76914d22049844fbb9bdc0f6b69b8800dd4806219abc8fb40ef9aded35003844116d7dd76f7f77114203707a2009092871b6a0ff01c4500705900108f811c4657ac4a0010b906ab660012961019b870b05b012dab0691077799ca70d85450c3db009a9574cf1700deec004c4c059a9d606ec2009f4e00eec607bab306b92001434f073c3e74627504ca2355a1c443c519374a8b5742cc65f2ef6502fe60601700ad8877da88063dd376d36636d3584435e17389a1456ea267f28420742a4099e913eee0723d34586657819c90077aa7056bab23ffdb708a2d00b0128805c8467186180f50568f9650b4a2073c7700c98d0030b607ad820097a60817d90811b88121d480c0280128df888978805f4a00534c169e1907ae1f0708a0889697001a9c60ea8460c3aa0037a800d640084531014b3d6ff6142d84620e52e45a727e4b0094ab88426b574d6314259621158020a6e6085d78703d9b77dc0e17d5ca875cc7507e32739eca449e9e305540687df3609938000085001e348326cd822e8f686dd7819dde00fd9606633b00fb8000978580cc5b01b7cc86f5c543a7725347aa650f8c5000ce88002f70558b0003188050960881a208998a0811cb8795f5051086901b87089a8d08a6e800428a782a9270e379801f0b00a32988ac7d00617708334870144a000b3a60798450441888b147406e19041ef022f7a322f64735ac2a83c2bd6626c1385d2e25a9db001cd8894477994cde806f5008d5b2821bf328d7360437478311e620c3d5444e25301f1a48e6246ff19e6633eaa526ee67849dff595e92706850055173305280057be7007b74024f848107e078805e08f0900908597685fa0784c90081af705116881168009f4507aa950891159518469981ae0095a400fb88005f4d503a2b87876a003f4800578405f43f00fd8c00043a0831c860124977300b70a69700cc4207c33494129d04b1a847c32716228318cfcc25a0b708cad55944b8903c3499c38700a01e0067b286dbb714a12621b83200c49e429e5475544f44e59063269b96e966496a16155e9a89df1d40d08608d2c730fbec00857846fa27033f7682475666777265f948905ff28781990005f707025879f5890983aa07b4a50001a400f97b80028e1098628ff917de09ff400a00ca004a9107212a70498a0059b80722ae79f0ca00775c000c2970512e70e35c70095e70441010300770cab8009ab209b345984b689843cb97c7fd27c8312944249400d010acd509c3f6a9c01800a3eb09c9f1024515429d3d80bc5707f5739037ac02af53449e0199e267202e8d39da1f15dd959a528d20d5f505e38a20f70193aff67a4ed993347d287b1f487b6100dd3415c59c29739f067059016c50558c4756819e0092ae1068fc6120de0061930606ed009514369a8d0089df00adff00a9d400d54d109a8e00641c003aec60e6a700d17c06aae261499ea6af990612f8a3bb4192eb6894cfb41a3c128163f5916d7616ca86357bd80ff07405a9cc7690b7bb885672a95d3580cd5c06492630cd5998df0c4a55d6a86215096e618562283ac62060f8510a6b6a20f95d03379d89ef8c37d6abaa604f8874793116951201ee111fa82168cf91528e112eada1259816034012f9b9026d44059a42a84bc033647d82d8d5036acaa9bae2a12e41aabc7665709500fb5da0fb68a03971000b9ca01cc19509933954a26771e422b7f43acd9e805cefaac96a165cb6a9693443e1d6b19dd300dd6c83df3a00fa3203aa240297d81a69fb0adc1a13974054bfe468080980048b3251f71112631588cf61d6492848a6584e1220e1c65af40479b23601f553147336162fedaaa37fa7c50d845a6530f15d00f5debffb55fcbb01c005cbccaab123b333f200cd30a0b61b85d9ac00259065ec7da8d2730096797a5a2a176234bb2c9200647f08ee7891091309751a91b9df31b9f100d589003f98867398b118afb501bb13ab60098193012b7d41dda422f7a5235efd213629014d74004cae0a94b9b3b17100431ca8baa7a6054db844fe8505922abfb68b078d0b53890b0b98bbb0cdb5b104bb8ce393383f00bef080bee07076e3b09745076da5922ec77b72d32a5721b9ee1850bef1801c78205a2604a4162b8be2102395072bd61b3fd663408384b92ab111067810500b4984b60fe51460e144754f11347a100908883a6ab3ba60a2e22b51548f71f20242057eb503a8a2505dbff102ac0b55fcbc061ebbb306bb6b581b6efa8075a89761d835d215001d24b762313a5cf4b1a138096242b9e0fa04edc730f4530080085a4f8f31bdfdb6014e2030aa502370363a5035fb6a0039280c32af05048500039400c5a8005f8f9501b488c94881664b11260120e458b1550330251c32ee2c026469106c4c004ee30aafabb3567d03bba264751abaa001c0e29e127ff5a12fab262c538bb02a402bdc00c97c0c0601b00cd5929bd3208da1655c36a0fdd993ec74b5d704800750bb220bc19e8d7b162300d15eb29fbc0236cd5c2857b8f302c5975a0045840a4d1800b4c50071a100d09a002d1a0019ebc6705b0c305c0c94af0676c93019bd703a587ff0b02a00175800505f0054af0c91ae8091aa00158a0cb86850b752000daa027af200075f0c98a9a01991c0fdf50044ec00eb58706ca90054ee0735ac0593ce004599005439061d7d0cdb2281434e0cd44c0a95eec143c601e4f8b2746879b35ca84cb1394434994b0a402c5200b1f50c75ecbb065dbc2e027023f90044d36ac196b8e62d70de056869971c820cc31f047a55d6ab27dc33dba8029921cb1dafabdf9955f9c170d3ea0711fcd04bd31d2052a00a82c0909b07953f05009a07811870d0290680897012817710d660b9e008b98c0009c077105fa050de0ae1699889c170fa3d80824b70228490f98400c3e1d713dc00310870d052a9a2bc070059aff733050a23fcd59eadc140420afee3cc6583136f5c2aaafcb3c2ee69bbf4942b49bc082b0cf10d0cffdf00166800fd2985e049db2b6f20610ad5563308e5826bd22635d82ed4e124d191cfc95dd7006eec632aa10331a1d2cbcf1bd28fd0986880b9bad019f8005ada8020dc80405a7071f88808628a0914bb95a6c0b58f0d302605c3a8009861583b8d0079028009a37c4da60914a40d434b1093d50dbc88c0bdc907ae4200e4c400f4d7d83b8a7004e400c59900fd7f0cdffe00ec45005ff607b557001aee904f940dbd7f00f53a0035d2cd647311fbc8427fbaad65d91c63ed9256d1dbbb25a572a40d7fcdccf1090d77c3d18bd50d03a0476820d567040ff38136d656ba8d8d01b020890bc8efd95c9d00e925d2ba14005a4d45652f409302c098121c44c2002a45c073ca7023128003eb045b60089c4400f7bc6110920c44ae0030ca607b650708bb7b3a1dd036ea00701590016a901f9e98006c61516490f7a90c9e9a0d424070f28490c181014591c9b3c300455405fdb1da2237a011416933a20046400703490de4a015a62dcde74f4de2d11df6aac62042c94064c42b0540ff530644d50d7779dd7b825087b8e37e03707681b555889d0103d4995f16de18600d97549066ee00b1e3efca0095eb0c1249c0c7440e19ea20ab7206fdbab1b1cee171fae0200d70318770c257e892220ca05a0e2ada8c53eec620cc6ff789cc636a18d0b3b2bc492c0e30ce0060b609102b0002857070646137d800b37c8e237bd78dc4272416083f4b06a59dc61d70089533092dbed735a0e143169a15ac00455a00c638e147064d6c784e6691ea8771442f4cd36f5adb3b4bbb53d6506b2100074bcdf1f1000788007c8850ab630957f2e0c66360f03eee8114d5d88c38df1048e2cc00263c0f06938f09f11bd944e00ee063f11500c9bcebd4392d91337070d68998bd704e05bea165907a32c0925af073a100d9b2700c8a61130be782a70eb84c60092a08124df003dbeebbdfeeb43fec4e3f00abe4c0eafb0799ea7c58df00a3dce0d297083e4fd0fd0fe0fd2eda2d7a0dd510f9bff00039820ff046ac0a1ae96066880dee02e144478aa509baa7524cff23d204e084dbe79c072de097cf00173ff0197000176bddf78dfb510200ba410bcd17995013fe88a2d76625901caea6d612996e6a3ac0fef196a67e87b6be992a30a730064196ea47300bed8700cf48509396078c730e295275c98a9031698003b2cf3d8800df8f9f231ae020c26092a6591987083c790010da0033e0ee43d1fec24d50831d80375e0d319500857ad0592e0d3af70064d1fe5b4d6e55930edff70bf2908d5a289060d1683db2df645716b45083cef8c84667cee4c08b01fc1f6586b34752508780001767ff777edb5777ff7f6ae5c14720b54f08ec3eaf800c14f203f38634e4c1a43ff70428513fe1c3e7448e0c41838032d5ec49851e3468e182784204000e248922521769bb66fc6bc192d6710fa3147c44c113e6cdafce443440e2db834e8e8f145900f0d7a74e0c2a5258788684c74e8c1352b419d3a0554e092f425418105053268d190e0ab120b65916890a4834986059eea6871b340400f2c0bb0f4d0d020dca671e1b4e132aa054ba3465824e9d120400bb5675998f0f8f78f869621918748923464559515ffdc31d1a305cd85c868d266811c59f56ad6ad5dbf861d5bf66cd529c47dc39d1bb7387184098f031e4ef8f0e10d8c1befd3a7acf2b265172041b240faf402d5ad5fb79e40bb761582645d82d04ffc78f2e5fb7de083aa8988ff39737aedd2e592e50c637f3adec79fbfa3a6319a26085ca821934e60a122fd0e4470a309bcf04724931e7cb09b20e273a9256162a2e9260d35648a3d1554f8e493683ef95085044a3c513becae9b2e11e9a043a2390b1630cb82e36e0c472fe17e1bc7b7bdc809a79111be69249e4d3689c70e3bc48127b65648fb07cac8d89132b256d8a12d4b2db7e4f2b5331ad14d37de7efb8d38e26ebc9139199d836e3ae956bc4ec5ed4efcf09362ccf8203cf3f6bc24bdf5da13a118552a6ca9be040f45d4a38b187af0840afe4b34d2fc16a4c341082f1d09a55056924f984100ad69c39c70b289030eea3cb5c40f53dc0e4eebdc7473cd182d48ae5634cd14aec7ff468023ecb6dd74b3e39b205ae9b258638f4516b614820d33b7de78040e485cd1446ecde66884b52b57ab9b733b557be9a49f4bf6340f820f64f9b3bd410e20740658ec9334de44e16074c00ae080545e7d2d9a40934904c4346087c410a0dd79a82846a69936d430c44f4c3d3555554d9473ab6db37d8e466b93a356475c79d5b511de9ac52dd8269345396595633b63936f987576cc5d81e30b57e1a8add5da17b3dd76ab6e53fcb60271c91dcf5c33489149dd24da85050e78f79534dffb261863124b492200a109a4865a5f040016386082e773499739045138d49b4675186289559d73966d5984d582599b43a2d63ea8b5991ce0feeed5d766830da2caff950f47bc581e9e79b959dec6fcbb2f9bd34133959cd7a4313a37ab7b73c59f4d9c58055264c993e8f3cce0a0bdf68af9856c9660e1e7e9ae399a00dfdaf3addd0bffa66621a44b43aa20043886c7777649eb0d3b6002c438a2dd0306612f439b16c62944b74d85bbdb022cbe18d6e864cc5bb9bd6fb579665e032759c96f5248bc7df7b31403cc6087dc4d66f337b1d938ca8f63ae8f5464dc19acac93884460e767dc5195a91e16800f10ad4fb648572f8a41a10abd4176c6bb48edf8c11f1654600c21f0cf825840870275040e2c38c1d51e241102b0200463e8e0ee3088207a812d79bfebc63d38e592247c4a7a0cf381f5ae37b19f6d6f4505e45cdd66ff64adb274cc63c3214714cf27b291e1867e2fdbc409deb7452eaee602416884faaef8381f45d16639c21973fe772dbb09304e3e83e3e712782a41e06168e6010f1ed235876244a05d869a614642d0413a9cc0900d4140052a50c88378816bfc0a41a592c7c24386e09181e4c8096d78430825631a146cc93c7ee1c31f364c886e23e201b18344ae78ef7b1be318f970e537df505170c0fa4619dad0455eba2f0525735c2dc9f10a6d14531be1e8c399d0a437cccd8867d9b1c55656b5bd6e95c8071f82d8274607013df5030238c0c1b99aa0ba390c82107fbc2026f9b110319c2091be9388211d44800a28c85f9bc454484242200369646bead420f2f27948ffdf5d4a5384d2c52ed0a6305155ef61100b9d2ab9b7a26c410796b1c491cdf812322aea867eea3b592f45aab213849164cf6a443850d1033d1845075a108032d3941c9d618c73dbc3c531b4a2053d44438e22fac243b3d9043ce9e9124208862caa91343e528117f271573ad5a949476952851199483f2da2494e8ea4aa191cde7fbc10024cfe670c0828683e110043044ca24198128306da0593b40131886dc35e44e7c42d3869cb951adb18dffa1639f4e566042350921d36d18e913636596d0882386026261fa18201c4c08c242e2b805484231dceb45103c4770e0b70657bcf9953e7ea540762086016539044064067930ff9200798d0c21c1ec61edddeffc2160cbcc4073e100b62e4e00ebc2da71f2b340f0baa132354450041c650484bedd39d32dc2a0abb0a110290b076c51b6b0711e08f493872862c402b3e1b55207c6942a02621400e77b8124fd515880e5301445359448a2631564b0cac2ccd24c5f33dceb088655619c0e0580677a91b60729cfd54ca0006b821475820c631dcd000246440005fb005ad64648b2fe4000b1ac84001b020000160c13a2af8820672c05a01c0f80ba98ab18caf890b62d085033b494c0e0451c70dc8410e1bc84271efa0ba75a1d3b91e01c94142e80586c4f3208964812632d2af7fcdd3baf24c6b4924123cf15a0dcc04ba64bcfaf5b51b666d775b7baf4992718641558817ff08b3afa8f0aa5f14a9b27bd3891160d7343e0143919621bbe515edd0080234d8d1b4f92284c34446c24cb8c265c1b01eb46101015cb6c721be5606e821094cb45603c440353170712225a01a139268ed2cf4408f1cf880c7a8660016a2e1693df4e20b9eee4134e6500d2da0fa18c1a0f592cbd93a42e940aacea5949bffd3af0a4c429163f0c23ab59a41f4562a8574b0760510d056b75e95bb29d46798dd39c300dd909f0369b7d80ac112b21d202679d6b350f3dae7564d94a2de03b08c6c55e8e1f0a5961d35eccb825506623ddae1ae59dc8163e69bbe58961e5a6002138e418f2fd8851e7a5831319460daea885ae432d6025dbe400c3d144000a33efff16655306b9f6a610a39100031b4f089564b4200d1d0810e564c8f3a34e1d4c130439219b00b650b0aaabc70da9333724f3a98779d9ad07258f3a3092f8ce183bab308d651686eeeaed01fc2dbda3ff5c5d5b07537dbf08ef383c4900d4289127af85edb29f79d3d38f6d5bf2f7ae5a0097d9c331e5a5755b4a2c295c4be87375e35259decc42b7bd91e945a0719b01b8fa780852fe820b64a50421db020ea63f8b42b9c67ed310ac084d68ae0135368edcc69fd09119c98b57af0c1ca99d0041e6be10b02d001ad594f06a516dbb8e55cda7c9b2bf58c7cadea524b7347b666bb0cfe27ee6123d006b1aee5b51ba4ed68e6d7f5c59c8c3a97ed6ca0b26b88fff2cb67beb76a9548cc9673043f78e3145e57874ff49094c468c73b3ed2898f1994aa380ad3860c28350d288b56a33006c084a0a00754c3055bc0ace9603d6c60020638065b28b62ff8101a93bd1c5001d6c30426f8b84f58b929680205a4304c38062a28360168822660bd1c6882f7d8940a7136e6db3246b12480d284af21bb7cf287711b376b5ba77861bb80b9ae0c12bf92e88607209b9688804fc13bb6d137bdd29e55a21b400bb8e51838fda9bf01232c5b1a9c856bb8fe7bb4c5f1952bfa06fbd9154b73034e23066c48b153ab0324700301c8000fd30014cb801e5b8004c0302658805d533dd6d2803950811e883d9acbb93a10815d60805e3b41a3ff23863a10041110002a10813aa0075c68823be8017a60ba4128bf9680ba67933aabeac1a90a817f49a1aeb2b214729423f408b5cba0ad3288202489770b3ff5923b25a8bb5f481886ba2fbd7b9b55e1af017a1537691326c2a88c1ab08df20dc40b93c54343871303978930947a43cbaa300ee3b11e70030364005c204125d096edf9434908440cf339114c801cc0066c50822978c01a73c41e1300d6d30115a00262c0042510811e3847d662823bc8b9811c4506c801511086ba7b031df4a728a38827eb9731a8007f88c5ed7a087ad204ad5ba77e0901ab03907e5108aa912481c91a930490261433f9aa10552806dea29e7c1b222cec3b57f92b68a4bf30ff248e28a2a56af4a88f6a042dcac606bb802f392901048e06400516dcb006700346c48505c80046bc445bb89b05a0472de88a44b8b53a98825cf3012c380662608256abb11ec0865a1b4b2dc8b54f28361dd8896253cb6a200541d0805203bda51304508a2a8adcb27b2a218cdc9a41b21a8fc42a0460016c5b272afb1a04d89de1a1326b63017e188330c3144779a4784b9e270c2597a82ffb529bbbd2b76454469f991b80bb1b1939879f2cbca12cac6b1496334cca918ab8a6a4b8e0080737b0b0e170035bd8300bb0853d7c8e356a0e5bb085e9108b1c488068b085ea508168c88168a84e138906ec04911ca8b50e1191ebfc8439b803ef3c2e9d68825dffa0c13bd8053688c8d1642e55a44886384ce683831f04c6e439243a48a42e9308cae4871058245a74a7c5644989b8c893840390e045f812031d9ac96234468641469d743f16f9bb009a3fd9d4288eb246455b9fdc742c0230a9c30a40681907697922d1e21f26720e9ef1376ada1ea9a013eea0adb6d18950b1c99b600f6513843b50890a0124c2f4088678141d5c103663cc91d0a78e8c8871e3c8ab7152815942edc3ba57cc4f08e98666b8419720042a2ca5bc4bcdfdda2b2dccd040db50c1fa18c02143007c99463803111da9562883351c23fb1907be9016994a9319794d3f7da615f9106a9a9304c2260e70189cb8c9992027506097d1e40522dd084dff3ad24811c9fb80032ff897259d24cedc2e024824712bc24958c9ed2298baa3825bc03b87cac9f6e32b9e742517e5d035f5d05bca0d25d12539ed251e80193694991e49d13de5d36ab185d1bb1b1811a0ceb18e68c002e82c545509a2f543d41001229a489a5ba082289c81e593d48b58d07593141812b756f4272f50524e45d74e8d2716d2a7259588f8209b2f45bfe931a531c54219edab9e84a51bd99f59f21b44b346c50b515deda26d249936f446df9c9665b20b912b00bcd19ccd21b9ea98851ca0871e50011aa593fcca012648c453495486a109e46ab2d17c976edd322f00d590fc8f10e297e85b108e34a4e852901038d774c5d94f4dd76e700642ffb933550dd3bc43250b8d5156c2982e6c8e9f7ca2829b2284bb46fe23582e6a193745d8de545833c19986550215e09c36f2168b4900899947cc029199001d15b8031e03451021279165d4f6c0566de556940d3b521d2b71b33696dd1a16f0826d1b8824ccaa8db8d99c25dcc2559e6e189478bdb7a045cd565dcd3285556714b4a49d55e230b85afa50602a9ca87d9f36a853aaf5c632c99f65ea8386ad837ec485145b005bd0808cc38568d89e1c404725c00215c8811eb35d2578dd3ac90146ec0101608ad665020158b251c951721a84e4e39493a5db8c600804a0aeffcc327e402104e8db1d049896fc4c7f6950c3f55ec38d2b4209852658a89bd409a1ff85a8b729a2186d462e9c5c5a51da336adacc55b8675830ce6d9f5f6aca67899c334aa38665004960c4cb2b8062eb0146d40215c8001de8b103bcdd1ec881b4d4001251011fe83462a00725e805d8330ab58c061d6554f6c0d62e6d89b96d5e81a8a1299d59207427971c0881f24c8fd0d4eefdde1a4ed7f87a5497789ee8a19ed3bc2bc7a5987e6b4d67445abd21b870f8d783433c456312fc6d9f92e24dab9d9cfde19fd285c7e9642d5c70b92f909bca2b001e1380b384298b6d2962d0805e501541683550e4b13ad0ad62d38026989eb72da71c6e093db087137e2eed1233786a088a289eab33d0882000b4fb2ecb7c2b1b56e41af6a4283c18a05d5453ffba1ef55dc67c05b4c013386a49077fa54da7059646602c273e9ca594b413e511335a58d25d8095ab03edc83926d88a7e3448d59bc1599805dacb014fa3072ab8a612495b336e8217bc034bac83e3b2d6f610845d706413d6e38f60a4063d0817caba4c2d55877094b17a2118eaa0445ee46e26dce5d121b2e92150f161f4653f3fc38e37a9a8f7a51527b29931a4df361c16515e195edd5f8a13cad19d292bbec4ed79445b9835251000525bbde2aa4e5dcbe58bd3b904fa65507cc118b4436346ae723a271cfc03f9a45b2f40af2915b314c24caff3d474b3321af6e692be21d1ac905038ae79a55012195a7e83dc666c25c97ddf68243c5a45348fbad511ff603c7a4699130887283e65ff25ddd25ab963600bd6d3000cd3021f003a4c488053c305115839a51835ba6c2d45ccaf86b6442d98094684413a3e9b3b20e16dc568baad1dfef89a43423715b22e5e4c3793966bc3952fb2294dc6ddb3bd43674b7e9122fec29b9ec6290ad89201659f4e99a98db05a8a167daee2b2288095c304cf63b93dc4067a600283c4065b003accc20633be5d49e0002cb8d811c9af3938b50c16010e66e062561872621da8625e3d5690fbec20452a428e842f929eebddde59b9aa9029541df31553c7d5d80be5ebe7c064f88d5f7fdd956ab455cd351cc3e61230288384933c8a3b2334420e9aea830ec385156382082c8044c00225ff60822ff80225c880799cddda8d069f50014d54821c70691141c744bc83d63ddd253b6675512e971852d956105cd4329bcd52de46f01a0e895314a5620c5afc4a5fb809e2b939d3804b85d85c6e3154e2442b193bb05fe93e16fd8dbcaa9d997c369374a0e2edc61beed98a37c9d83af11912b926eda8091a9f838851a02513849cb8035218e63926a7b8ad9077396b011f490021084d3df0046772c215832220149a0c6ef3cd89bc56cd7e5391e37e46c15353331943a765e29002712e891ff511935f4dd1144de599b2968895d8f136208aa5d1d059bf90cdd1399ee841f8ef422972014749a959d0426af24157649180d750a2825e20e796b6579866cdfeffc2989ace70e2c853c1161c13c5a2461bf32ef992f939731465ecc6b600e50454378213045a9539ca266a755b7212846c85d48b3672e93bab0ab8debf357042d775ef1583772014421085456f69694dc6bd7e9599be6459ed98776653fa5d92cddd742da1d3c6f1d584dd0461bd9934d2993679f3535781b9d0833056750562750e11ebe42594009ff5eaeb1d43d29a7cc954b4daf579c7d946ae105d58a855fde1977e5cf625397d15389b5eda5ca9559d6e9c5c8df62c51433bc074126fee605df3ed5613e7f83b57f196eac4840006deb5c9a652b249b1763af960e6758fcc2ab3667aeadb7f3257dda6f796872f990ca5519af263247632cdf2c855a280ffaf5ce1104acc5de25bb5839e4e78d980076e9cb48455f38817ade44885352a80e3cc80e9940ee6ec0ae9dc8aedb4ce6fbfc43ab14ef144d49df04e1d2d4fe35ae9f62005587789d84614e2b19d693b14bf853efcbc1a89980417422f4f75f9bc0f9bf0ad90e799f272b6f2f67b749c476e49eff2e1389f9cb622a314f3a1870da016ea120ff5a50720e043356ca8b10c6080564e0012fc820290049ed2394f734801e86c81045e11c085cb223a1fb8032a80359d3b3ea549f73e2f4c6dae6d456281e8cb087cd14845b2eddd8794246452026579bd477eac3ac57d90d052b24220deab9bffb74b36fc234e62e736f8450b65c76719a3a72cabc5f66c6773b3ffb0054cc00401f8891e2880db85e5ce2706add0831ef3d862d383f996046cc08556eb814fc8398090844b0b310177082aa9438cc99d390e8ba99a2171c63c387ff861cca8712347382c4e803c418000487f2ce04ce0c87182a6310842c23cc162024d2f9308f8cba97327ce9d3e7f020d2a7428d1a2468f224d3a540cae89148515732862aa8faa22aafaf8f48903d7ae2abeaa4820766c820266cf9e5da0562d120b0b2cc08ddb676e83ba75c3e1cd1b8edcb8718dfe361227ee1be1c2dfec7c0b72e11fe3c68e1f438e2c7932e5ca9623b72a230ef188c28201f7edab376f3abb76fbc04de5d61636064abe60b19520c3c2b053887d49a0075b34153ebe10ff537247458e1cd104103b16ad07312a4d7669c8418598966abbf430d8d5b0d8af7912bd1bbba872fcc6095ee8f4f4399285a694e4cdbf4ccff34485f6154e28cdaf7f3ffffefe8d12304d284ea9129554576185a0565b75c50158619125165a6915b0d65a48bc1597867d98964e3aa3e1b549688005669861cff070998a2bb2d82265290cc69967e280161a88e194661a6aa9c1b5c0179810430c3d75cc56db2c4ce096800e7a7c550f704a88f08906c7d0830d313ae4700c03394cd54413c831d01a03f43837c70f113835cf1be291d7e604f709055205fca0a4121c5ec437147d1fc9f79f9f7f021ae87e621c902615821c9860945569d5e0835f4558d684ff159a65e102186ab861871f82c8575f240e66e261e288e1a2a9a7a21ad909e1d861c7089d11f6d95f36de98635d73cd65415bab612180127a1083450e0b7da202415fcca2832461a9f0e41c3930d0c317d02a274973cf694005705a68ab8100bb8820c81d035234032c6cb6399e79fef4a9de09088ca1499d19ddf99251f8b52ba8befbf20b28534ecd90c42007228815a30c3a0a56a493525aa18548ec9aa9051c7678a3889ffe2598a88735e24faa1f83cce2198d6c2c6b68e3dc68daadb8c6b54006d8e8814506b7e5604b980268c0006e05281b9693c4d4d10416c44c110d2ec98970b4165f28848b083a30208000986871c71dbdfc027078e9ba795fbeff3c8d84007beec111c224f81df575bf6bb3ddb69e023a15c1c0891a8c55a309431a21c3693dec96c474a9dc805e8dec7572c6a19a8898622133def8639915066bac3482b649ca2ae7ba638f39d313242e6629448c1ec782d273021c3c192541a2eb414f0e73d4d1397522dc2180cec444ddd020854ea426ba5c6b641e7a698b34090b7486e00fda6e33dfbcf34a1120c63d4ef1b28b43734c55b0c15aa980378463152029c3965e9a61a614abdca9e18121fe0dacad96d186e3f3330ec63391cf487923e390d33f8881e72a530b484406708685042ca000b6c0593472f0856824000b074c800a8e9303157c2207382b8e00a241bb2f78ab1a73f0012972a081ff6c35640ec5d085536001bcf77c047a24a9000bcef6bc1be230873ba18f3100f60b0361af6005e39ef7f226a1bd55ea61e6930be04c73a3f5b10f7fad6a558ae8674554a5003184919c6068e4175a8d068001d41012c22716b584ef2b69340b06c782410761702a9f0857567c708726900241b4f3520a054105ef4c440fbf7b6146eca59f92e830918a6c1b7dfe0007404ae400730ba2c1147437ae3c8a2ce143a2c32ce4b70d35d18920c2d8e1a4d82a71c0e38aaa74113cc25132ca9dec46e110a3e67aa42b4b31ac2c91a220581ac401ad24485122b8de1c06910480ad8990e5d10402d4b6c81be28109d294e614844087a39c611aed200019987086671efff2247fd083537421084405518fdb43181c15a6c9234e8a7c9f0465e004a73e1295485476d8443756e94f15adea95b39a952c3187ab54a8a64710b3102723358b5efa129875f341f6883908344dc485ca5ce64dc0b9c8763c20482225460fda91937698f42728458016a660522dd0631a7448a947ef558109fce10d86ba05c1269a956279e5417a135f3c2d85a9b8a8269477b1985f00a3317d36a21dff9c2a65cee04a137571567db1dce54e33c6966188a1488cd4837c89c14f4cb4a2d713d73e9cb235ae4d000e729d6b5ccfe3cc9ab68d0e21cdc21910308d6920202774f82b02527a86c3ca34a44cb8e66da691cd6f827324929d2c650930094dd08917ff4e91e4f5a89220b466a57bde5bd8dec877541e4d0c7d4b1d65530fd73ec2d8411c8ba32a6d1b738120900cabfa0b0d57ffa7a3affa2dac6b696884cadaa005a5752ac4e44e9a92992e4d84600c2ca0210bc610022f8c412478d5214889218433a09400db3cc36d84948576d0a1077ab88d1680440c49d0610af4a882ce7a308dbbba8d0074d82f7ff7ab9e918400a7b028273a29b9bd9fb2b39ddf031f128dba4426a6ef89ad65df6b0ff38df8d536c36dd08ca864b5bfbe90c3b79893587071b9375d92c5b85d9168dd946b518c4a8417c09b40f2622212ff6e57877a151d13a630052d3ca01d4e2046158a60ad69f8c35a7a60821314720c21f803493d58ff054ccfab48fa7821cb5adef275bd10822f63f60f3decdda13aab3dbbb133937a6bf0c3204662d5368053a3f1d48411f7aac23c030c19ae2d0f62dbe1dd8258c4bf95d85b848bc6139bd18d105d316829aa2862b2d52982842b33979713c9e698bb21c584243a7d8c55b4e3b1d3b88d13da61ad42a054b1dbbc0d1ece5008a25d1901fca009ad6b6d6b9a6024a7909c813026e9d9ba5d1293ee246d512f344f4d4578ce50b4b3e4ec90823dd336051bfb86c94213e2300290c4e513eb898babe25f4a547b2e7e4877dc3a48954c804f89c4ef22772c04f4ced41fed40807c19a0b322983aa6e82d043d98f0527de3813a893c011dbce09e8df243b313e12cddff260ad4a0aad98c6c36f68395badabcd0d9a915460c2aa14d55786c42a01f0e34b6474c68432770acde5e34b81b2dc4615eaf18c2489345666c1376f30b27dacdb4bc43fa5d948617494e38831088f1003ab4aeb0ddf5b73f0852d8806b41872219c3c137fa87014f441740fcb5a319255a61ab59971367cb69e162717bea25e3a54cdc371a512a8ffff304b9d5ad5649ae977ad6b247db1e2e7115cd72e4b618e6d7db5d0b09c91243de10cb15a0c3ceb7bb632d9041089227c319a086876958abd4add3a63f5e2d8907f843be32853a0e493209aa233c2362a6de2ed0f96bed5df2514684e7f8dafce089d5537da47cea162ddc0802c0fd9fedb8aa613c7cffb26bdfdda084be25b72724a1957fe5b88daea4e01d2208164e4407e746379c4a7f599478a10223c97177474a0c6ce8b5730c20082e921c539c9ce11857222f31b489077a44dd7924a1030b0c9e7ad5bfc1aefd90990593dd8896ec0dd5d85d4ad9a5169ca19d5eac4f17e14fac9c41f0f9d319849cfbcc488dd85d5e88d1f2a1dc58259a587c1be0515ff509c22e289c44bc55ba080fcee98b4cc00146c4d518d8105ecddb0314820eee60215c131e3841ab3d001ef8031ef8a0604d8313f8e0341ce1190c61f3ec5f05185cd5fd1f3f609d44084c4ff9d4dd20e03b29605b549cc54918c648e016c18a6c2d86055a512b044185551bff205ff20d9a00b985ff89e512f44514304d9f5a915b736d1f4774df0de997ffd1cb180c0f0ef6d77ea514d0e1983f5c934eccd43535e223e697f14c61156ec4ea4d84dc10a0c3055bd8895d69d9dedf28d52ccd99a768dcb461981ad2cf86b9a1fe10545779d5c991cfa1391f1e4adff459c5b8a9d03165d41f6a041c64170cc6e018cc6030aa1bcf296350bc8bbc502126f2434e1198999d198299d5b08562edb51929c2d98df40f39804a851d86b3b122fdf000ac480eb5e1d3fec8e2ca685b08da225a9015cb819b4ff16231f10e0b02230d56dac055c031d24bf210e3323ed309182334aa842341d23c50014f35dc3a5de3ecd15eb191dd9b859237f60f3e8923b5a552393a0eff3ce4563ac2622c0adaadbc232e0dd01da65809eae22e12d31c5c9f533857d7581a0ed14779e0c94012e495dd144292c715068caf55e34f7d9d82ed52517512d9dd5e29de93461ac6fb34c20978a4e30414dd7160ad649b00ed5d3cdee24ad2238b511fa4ed02b9500440928730d6a4f7b50746dcc90deee44e92c441fa24478c53dc6cdd502ec868111bdf24e5022e65e0c8d28838d553c2d62678cc54328e3f10df069288688088ad9c06a16d65caa9a4dffd1d68895bf5315746c1153f209e0e59567b805f20be254186e633cea5264a842e84cb43a2599a612383a1051a191503e25eb28d0629650c61724c052266c8602056e1136fb56303e49d42918fffca7965f4315a2525c84b12de2fba892688df33e144bc8c4105284f6996a66511e25c6a8434f60eb8b8e6c1c0666c12d584d4e6eddda65dc8596e6aa49dc196389c411afe26aa5c40701ac63a8ac67b7aa0c90910ca51e62dcec27216258b89db4bae90b9bd8767369e20a6877eddc48372e732ce9059ae044dc815ae11121cace00c0c603a79e2794ae444f2cd85d8667bd6857f9a035e4c5814f5dea804412bdc67aadcd6dcb59d0668810084c3878543066440711ea75b2c54f3a1850a680013444381f2d2653aa75540dab8c8e4f6a54475b20d49e48b7645e8f85528778e845cd2da86f2832678190b4c97bc281350428516ae5382859d59a4e7892ae5ff9ba98c7fe6c58bf2de9d214619d0688d9e4a66904c6734022ac81f03046923f40170680012986238c0455de80a87e44a02edca5b2c80840c681a95850a20490e70cf83f8c00871055a5d05f654c51cdc010afe51efcc64f050675ac6a0f1e4c9a5bd8b74e96497e2d5094c8217cc20998680995600024c02bb8404027c67ba5cdd66fd009b426411818f8926913c91226e42e0ee6d9c1de4999f9e8a2b6a603828013100092e3400e17c2b2ee0851b688327c84c5b64001678820534008648902d5488059805167c41069c852d40500e6001582884713c101c8980067149564483075101973ccbb7a4900a090324c9d8201d1eac02ca48bc0baf6a020b280fff96b2074a3413ae8a6c4ed0470554c024a047484c964e105c0860e878a8e60c44c05d6e21891ad1267da15afc0d608e612a6e0c8a68aba9d84fa8884327608706bc173934007004891284c3e8c01403e08212748e16d882cbacce3108c0006181168c0903d48159745a1de88c1644c32728441d0049cc5485065889d4862ad91284168840ec80ab06a49031b510c5be89c55e2c7dac655c858076564008cc1a9d0ce3c88aacca72699c18ebcb6604adc5ac397562d7fd54112d18ce6a235be8ecf9d4d303baa860f29e898c4015052d8bf0c0330cc60884c3b6bc02b0604103a002414c41066883fc690016c89f166001737c8105f4003d68c017588b061400ff4108400628410f44c302b4ced220099428c41460814230c11c208716e4c0b70a401328841ee08209050715206f13e0a3a4fd0e4bdc0725eecb7a1c6ee49ac7fbd220692a6efdeac9e9a1268d858026e8da448402791a98551c0ce66ad2a424829cfa25283920e8862e196e24399e2eea6a51db29c4a21e4d1d38ead168c0026803a7c1c5b1a800f7020791340b752cc06de8411d08802dcc822dc0ee1c44c331e8c12c04ec1d4c8716180b3144c7d03044d334c1413487f8064d3145c444b4200d266ebfe86a80e5ef4a30d3addaaf97cae04608634e4c02025400f651444332ab79eae59a9dc50147eb9c329118b296034f1b0447b08a485bac7482fc4982ff16008b0eb88105683007638316d405416041017c2b0811032e20d0b0e881cb30c1edf440062442ebe400054902262440c08ac0d0e030736002261c431ec34e4134810830c7316032360c714c4e44ab222e85feed24b8ec467984df46f12b5f2787960d7a602c3c688153fc824366cf88425c89a6a718f7e54229b0038e61538dae8974e41a5f068c10063920471cf7801ce3c602dcb136e4f11e078b1f17c4d04c4101a840f62201beb66bb9ea46b03c0b3648020d13039750f22720890634eceb288441ccc16d50810d0bc03da72059fa4e798440e306ca0cf12ac2a5c467bef241ebc448d4074d8400e3ed84181c815364a1887aa2b33e6b9c8e7102c785ff27a006319fb1cf7658322b7365c008c711c4a136c0d0e8403820ad1e7c8135eb7103f0b1360bc0f12e841200c9171400732841f5164439eb8106588bf4aef324cf8e4a6bc06d6880f772f21d206d0f08b50e37811f41d2b9a4af5de90b49cc046a020f5a22f457cfc79c684247ed44326081b276f100f772e6426b30971d47abe8c5dda9b56e4c6c89f4484f064852dbcbf4c02b00462748023dc80c90d4413ae8404c4f010360c10270ef6cac8e0e6ced02742d3dd003d8d2ebf3566d34f800d9be0e16acdf27cc81db0a89926eb241d08edd628370dcc12d949b3eaec4cd098afb72f58cf5235883f50cd1af3f24031e4012c30570b32ad8ec69eee682e1ffb4f26cb53af06bb54a23dc355e47865e7fc32b74c22b50db6768831b744238b881ed6ab7369cab1b784203b80178c7abcb6400bdbe85596440cd88850bd343c25e505824ac587c42c27e850f34d0c1d6b70759c51d48c72e986f31cd9c1153ec5843b15010805c62228d1da26d7f3548b40b019c01596a5de50277173e1f27f5cd522ef0191bf331b7ca26bc9d73e735f1954856dd69a32e551f84b7719a1d6ab0451d66aa0231328498d1f76c45f451057225a866faa2449872211d38500018e4221c1c788d832bf97f69f13e1013d7a15944b2b586531c9d526be1882e887f8388933865b4528c56372c81911c46a664266701d4811664c011cd23733667ff7259543eaa097984ecc526b8916f94f0c004a62df9571340374c8f44fcaf8547392619e5b352798cb3a747a75d046a79388c78974386185c1517bd21ca94a48b9bb91d02338a2d671eda63f55d54efd41c4e36b89f14397846d774096bca42f8f80d799f2f9218100299f542795eaea10b15a28f5d71efec95d3d987cbe77247baa43b06a583b9f18df97fea88b69db9f3c1292ebe79e0415a11cf808cd94976c53601acf25cc6559d90a97405ababc7baac279218288153ace96f177a2f7b61afa768877f34859912a41b7b6420bb064e0e07627ac9957980da21b4b77951d6239c5bdf1cb495449c0bbac55040df397896c7b7c381af9a29599b7b8576839e06380521cc0d94abb5bbf3ba282aba958bd2bc97a106b68abddffb63e4bba5f37b1ce2455602bc91c269b47fbaf485fa5a8da574aa446efb47aa43fc7b7cbbcf5ffc3226c3034052042c2bbb7f3cd84d39bc2ffa71e766724fa01da8fcca3746cb33e6c8f14fa60fe96422dac083bac1cfc12dacaa6b2f539ddb79b7077d9b7875d17367324c03241508ae07dba16738d493bc5d0426d583f9d5af524000003b);
INSERT INTO `topic_diagrams` (`diagramID`, `topicID`, `diagramTitle`, `diagram`) VALUES
('InRv', 1000, 'Industrial Revolution', 0xffd8ffe000104a46494600010100000100010000ffdb0084000906071213121513131315161517191b18181818181f1b1e1b201e201a1a1a191f1a1d1f2a20211e251e1a1e21312125292b2e2e2e1a1f3338332d37282d2e2b010a0a0a0505050e05050e2b1913192b2b2b2b2b2b2b2b2b2b2b2b2b2b2b2b2b2b2b2b2b2b2b2b2b2b2b2b2b2b2b2b2b2b2b2b2b2b2b2b2b2b2b2b2b2b2b2b2b2bffc000110800ad012303012200021101031101ffc4001c0000010501010100000000000000000000060203040507000108ffc4004210000201020404040403060405030500000102110321000412310506134122516171073281911442a12352b1c1d1f01562e1f10816335382247292253483b2d2ffc40014010100000000000000000000000000000000ffc40014110100000000000000000000000000000000ffda000c03010002110311003f00db698b0f6c73b0026c30807c204c5861b348eb048561e6771e47cbd36ef807d483b118ed386aa50960ca40379b4cfeb84d3ae012a4191dc6c4798feed8093a4622f127e9d37a805c2931fc3e98928e0e0779a399d72dfb3e9eb623547602fbfd87df014d91cfb55682d1057e4986064817bd88dfbc8f2c1b64699080124f7bef7bc5ad804e179a4ad515fa635547526d1178da36f7f2c68780ec375ea8452cc6000493ed85e328ff00889d5f81a24556506b0534c1003cab193dfc31e71e2b8db0170f9fad9e6fd92b2a6cc47f23df6f3c17705e17d148275379e02fe04e5caf0d1358d406a3c2da12fb08137dee7be346c0784e11d5f3523f5fe1859386d915fc8c6c41dbea301dd4245811ee3f94ce3d3540214d89dbd7b7f631e2d1d3f29fa1248ff4c78e18ee047903fd4601ec7857112be60531b1027f7491e568db0a569dcb113da23fac0c048653d8df0db0799b76f0f9f9de31eaadbc2d6fbff1387270112bab9d847a86db6bf6ed3f6f5c3e588def240fbdb0e48c37d103e5001f6c038186f38e0708d07c81efe5fd70914c5ce913bf9dfd276c03b38e070c303b8583e91faf7be3d005c2900ccc7fa601e65077c45af486cabe2ec6634facff002185f55b546911e7263d7b58e1e1504c6019a2b56258acf9016fa1df0e86303c3f49c2f1d806ab535752acb2a7707f9e19c964a9d2908224ceff00a0f4c498bce3caa0c5a3eb805e3b0913de31e9c07b84aac6d8669e7699728186b1baf7c3cce06e700ac76299f89d42669a82bd8931fddf1d8098e18806e6df963ef7c7a9a9a61a00ff002c1fd4462451f947b0c7ad4c1bdfee701132f55b5696db60408b8bc7dbd00c4b14c4968b9113edb63c65bc9c2f00dd780a493000267cbd7190f15cc356cdf441150830d02e45a489fbc7fbe34be6ca8172b54b38511b9fe1f5c65df0c680ab9b25d640b831711317fef7c06a9c3b274a801e086d2a0b05b4dbed7c592d552601048dc63aa282083841cb82006bc6c700ee31ff00f88bcd7fe9b2d4bf7ab06fb2b8fe78d77a223c3e1f6c647ff11145450ca344b75e3e9a4923ef8022f82b4e385d302d152af6ff0031c1b749891a88207bdfe9fef80df836dffd344dbf6b53f8e0e358ed7f6c037d15024de00b9bed84514d4754d8c4002077fbef8901b0dbb91b213ed1fcce011980c3e4dfdfdfb419c2d6b4890a4fd23f8c615aac2c4ff7eb850c02434ee23d0e3ca7454195001ef169f78c2c8c21a9de418f3b603d6a60ff000c27a37b18fa616ab1dc9c2b011d281933a4c906c20ff39fd30e8047afbe178ec0362a1eea7e97ff005c398ec7603b096a60dc8c2b1d804f4c4445b095a2a2c1401ed88b4b8907f91198091236992009dbb6fdb130cf6c07a063dc374c1ef87301d8ec7610a4f78fa60178f1863c4606e30ac030d9542674899991633b4c8c42cee4e50ead4fa4cac6fe9f5bfe98b307117fc429ea649f12ef6b7df6c051af0d4613a809b91a26fdef23be3b08cee543bb32eb827f2edeb1f5c7600969fca3db1e35751b91ec2e7edbe2102a1575230b6fa018b7d7f8461fa398a7021c5ee2c0123da36b6024a54076fb77fb6140e2b6b55a0df355126c2e079778dbbfd712280a44407d51fe727ef7c040e73cb1a992aeaba67412350916bfdf02bf06e90fc3547ff3913dcf9c8f2d88182de3998a74f2f59d59350a6e4026c601ed3e7807f81b50d5e1ec6aaac759a37bc853706de83db01a4fe213f787dff9e1d070c266a99d987df0d8a94889550deaab20fd623012e718effc44b0d3911dcd573f60bfd71abeba607c8deda0ff004c637f1eab2b56e1ea9b06aba844410688b838038f83ab1c3941ff00b8ff00c8ff003c1bc0c02fc2daa89903aec0546befb843f4df05a5e8413e1316f3dffbede5809a309ea0f3fefdf11a90a33234cc79f6efbe1d15a9a8001500ec0797a476c03f8f09c322bd3f351fa7e986f319ba6aac657c3bfbef1ef8094a41db1ee04179806a9644026206f7fa6fe8704794ce5374523c20d803633e5efe980998ec344a5b6bed86dea20310362c7d3689f79fd3012270d8aea76209f2178fb61149d34863a448f4fb63da798493056045e77c07667348885d8c28b9b1fe1be1bcb661ea19d2513fcc2e7fa0c37c4d51f4a34150c19c13d802413e9a80c48ead389d4b044ccda3cfdb00fce28f9af3e51169aceaac74020ede76f6b7d7165d440245458ed2411f7dff005c44aa81b30b2bab426a00110351604c1dfe511f5c04cc8d014a9aa48b08b7f4c480d88bf8ca224865f588eddad79f4c7b473a189f0b281dc8fb7d6fb6f807b315d514b3b0551b926311f84e7856a14eb0daa22b8fa89c03fc5ccd0a992229bb6a571201d33636bee3159f057375156b53ab509d3a74a17b0bb8300c0ec3ef80d5a71e070708573fba7ee3fae3d96f41fae02350a89aca2b199920cefb9fe5fa626e2b33b97eba06a550d3756203803f292aca646c48fd01c4bc9d5d6a09dc4a9f753a5b6ed20e023f10e1cce8152a353833200bfa61e4c9a883f9a2e7ced8901c44c889899ef311f7b618ce546d0dd32baee04ed2371fa1c040a39b54015836a1bc0277bee063b15e7374ff003ddbbcb19fd2df6c76024d7cd78574d4aa3bfe51da2e482401bdff005c30dc669886ead58ffda9224031247881f491eb87eaf06a0469237b81e0dc8124291be22372cd38d115c8b41f040fa76993b0fe580f6a714a27e5ac58b282c195582af60e045afbde2f896eca5c97a884810a4d390bbc926c2f207a462bab726a3ae92d50080b6d330b78b6f7f4ef85e7395aab99198284469800445c6dbff0c02f9abf6791cd9d54ed46aea0160c9526d7f59c09fc1ab70e2ba51a2a900390249549111e58b8e70e13528f0cce6aaaadfb0a82341bcadff36f38a9f867c215b28fad942752581301ac90354d85ae3bce03424a95b495e953116035db4c6e445bca3f8618a39f4175e92efe93782034006f63138aacef0ba9ac21af45188310be322e58f8ac6d693b01ef3128d1234c6754ea6210f460a36cdea01889363f5c01650cf6ab00b3d86b171fbd6ed38c6fe3aace73230b728f69ff003a5f1a353cb3e808b52a187324d304f75d661878089f32499f3c66ff0016c8ff0010ca201a40a47b01f354107b8bc7e98032f86b534659d1be667d42d30345313137f6182f399a762e805b73a76b6f7b4c8b7ae047e1b66692d160fa24d40ab704dd54003bfdb12f9a38a53a15950145d203050932c647888d805bc91ebda301655f3d41e9fe64804824124011e28999b883d8e185e20a0b9fc454a606af9a929022198cac8369b9ff007a7e46e2142ad2aab5da93430a8c4b00b2c488d16022d78b96c1aad3a0044538fa45ff00ae02a3fc7a81d535541124eaa4ca4053131326098f73db0aabc429106330b4c4091d3bde34effc3fa62a38ff0030656909294185b4a695258df4cdbc3b6c013707b461bcdf10ca57a34bc1a11e42abc012069311dc798f3c04ec950cbab3bae6149224eba6257c880403b9260ef89552b92b2b99a5020282163513e1fc9e123b477ed8144cd65e8d409a2a68662ac7505b0685f116bac92c1490624fe6ba798dd0167a548b1548496d42e7f7008d42763db6db00631980cabae84ea320c6aa91f2936ded781dadb4624d05cd2ac15a44dccafca2e3b58f7262f27b8c65995a3992cce32cc09d243d4d47e5332039904de607f19c17f0ee17c4982cd40809b907c441820787e51fe51b4ef8029d198d20934e62f284fd2c76c45a8d9bd53a6928598014b86da258091dcc01dbbcc628f9a78b270ea686a55ab51ea1854531b4163b9201002c8f3300124e03e97c503e20295554d4159dabc942c6e7c42db6c0189b6e301a42e77328b35298662a2180024913d3d248b83e44ed8ec8e66bb1735b2f2011a6c24081222e266e44f9c4c611c1335573197eb52adf38053524e9b8d401b16100efe98ee21c333550df305574804208b89879911eabe830126a3d60add3cba29371a883200044c779b47a6f860d665d555e8691010806ec353005546c648b18f9b71819cc75327526a711502c62a4dc7946a3f489fe58554e73d406acc2a83b684696b4069291bf8bf4db00509c4cce94a4d02fa7401bd829bf763248d87d71e6633ac02b692a080c4e8b4481d8c8379c00e7b9ec6a20576051883e0b999124123b4091e53df1e66fe234a9597a8a446954593b5e4393f4c0671cc19f8cd665c3369473b80756a6b498b9f537c4ee5fe21496a0573524322965a74e66a5819607c37f7c464cd296acd98cb31354ead23528067502081b0da3cb17990ce52d2edd06d6e54cea23fe98f0760237c06e4e569a2521e2b00353c13113de49f4f4c5654e2d51180a8f481dd944a91fbb13336f69f3c67b91e6ca55caa1a2d21949a8aea36998626e01373b49f3c5971fe214b4b3fe1c36a8075d65960b7420807616ef6c015e6b8925251d3a93e262fa81305d8b4c08892df6c46e1bc42a536d4e485259aed09e37242e9f9a6083e82262f804c973b855e95566a69012c12a916203eb90e4c1bd8c955f5048f87b1acb4eafe2a694d8e983e1f092548061a083ee70065c2991a909712cc5ec6d25fa8003b6e45b788c766b87ad45286a890ecfb8b12185c7909c0821596e9e6ab01fb392014019478990e90a43ea122eb627b1c1497fd92815c8263f69003100dcc30f9899f483f706aad12a748546022fa099fb5b1d8b5ca8664522a9208064a807ea231ee0223e6d892ab475c011a8a80c2c0907781ea30ed1cebea20aaaa1b5324c5c4c83e5b6de8714fc4ab12857a87e4f01900861249057c5b1d31110315193c8bb82543bcccfca6e7589bb4ec57d7c3be009db88be9075d30c87c6ab7d40cc15ee7cec6f718abe1d9b414eb2357a841a8c7a835482cc62f320122c36ed89072c9e02da832b31020c09a82a7e54f403fb9c42e1595a7153555201ac7c307646d4bbedb99b5f003dce7c5cd4ca667fea6a7a5a5817f0800a90408893a87adef7181fe4fced65a2d4c26bd4d050cde15dbb6c616d8bee7fe11469e56a3d3a9ab5320209000baaec04c40db0cfc3fa6b356597f2932da7b309116c01bd1a8c484634d4215d4e17498d1ae4c92373a4efdf1e0a759d7502c19c00405d3034b4c882275c47a625513f319a0b3b30606476d4220fd0e3dce711a147e7ac82d751b4f681263e9804d45602fa90582b3359541932c0ee45a0e32cf89594278a6540be9a4a440f3aac40f6c17f15e30d5cc212f4a542b0046a2372ddc907ce22c700fcc0eff8fa5e07074d20433127e624c4ec3d30075f0ef23fb376bc87b0898de091b98dbeb8b8e31cb499aa82a55a4dad469957d21c49b30992049fb98c0b652a3524d00b85a963a7b89a80efded13894735569b921aaea0a4201a60007bc89fcde5df7ef80b33c814822a295500cdd75eadc1d4641363e7db0ed2e53642ad4991424a856a7682002400d1240dc89df14cfc580069f5eb2d3124c8506400748b4c77b93b620e679baa21665cc5435048865580009b88d3f51e7f5c05957f87ec6af51b438d3a44d4a8b04c78b4a8f56300812d68c57d5e4fcc530010ee1608f18005ff22883b6fef8572bf1ecd66abbd2a55c90ea59dc830bea80dd77811bc0b0c4de64cce6086cbd32c7410a2b6b37d47d04ea00efe80f7c05054406aaf5e8c3692cb4d14da3528dc092276009f58b63b2f9c7d4281a75758650ab4da37932cfd89d578bfca30e964cbd4735334b2f14d291d4e412584c5d8489de078b16190e1d5ce5c05ea9a952ae9d68814284690c49bc0d85fd60e02b98fcec4d6d29a7507ae61af05431024c77da4289b9c58709e62af52114b8a74f40762dfbf001d47b21b91e96c2799387b0ab5857ab4a850aa5525eda8df491a6f201b09836dae317193e406424b667a834aaaea4160a662f23b6f18011f8a79fa15d288ab13ff7092a1809d202920125b798b4ee319864b3f97d251159493f3e9d6c201217d8b4f711f49c689f18b5d265a7a3c120a542351626ec3581600d828b773db013cbb97cf666a3365e996f09101b445b782416dcadbef80d5792388556cad354a857a2b74a6c2a48903cedb93a4ef0227023f11b9ab3d4b3868d3ad592968074c89fcfa8c9b836fd3d71aef23f2cae4e8891fb6603a8641bfa40023fb9b632ff008bbc347f8886632bd25efb4f589fe07019656e2049d64b9d5f98e9927bde7122871eac8bd356a80795a40f206640fb625d7c9658d2450c77665b886bed386e8e4e996679985b899f4dbcb0158bc40825c169fdeff50717bc0b98eb31e99d44c12ba296a69b45f57cb07f418a77c92852818e92666c4edf4f6c117c3acb019a126474dc1f51fb31f7c05855ce522aacdf8c605fa40eaa28a5f6d300ea9f718afe219a52acab4994abf4897aee486209021563b1bed8381cab93a54e92d7cc8b673ac8410a0b1248a37267f8db0c71ea1c2e9fe2353b1a86bfca01216a946282c36b9ee7003190d233194a2f4e98aaeb49b5c330d2c01546bc993e22316bc3f395022f4957c59b19660b4d05801e304826ff00bb88396a88d99c8af8c5514f2b24c68d240d87cd37c146579adec132f4c1fc60cbb5a6d12d57b7889eddb01559ee0d5ea82f535aaad7a94c91201a68a0d32408504b1f28ed8d0781d0a997a2b4690376a9e2705eface9d4c4ec37fa603788e7f8857a7535b4524af5440a7bd341e124c6fa8cef7c691c2b8b15a00102475089bcc3181b40363df00f666ba6572eceecbd350751e98dfb91034b1991b017c07e6b9ec1547a70e59095630ba5846ad4a3d0c4cfb6c7163ce62b66787540f4d83d88d0a49f0c130201326dbdee47618c21f8a37c94c8ec14fd674d8c126c0820f6c06efc0b9d331528537140b023e61de091dda7b63cc2794326e992cba96653a01d3a74e9d5e2d306f698be3b01639ba14dcad515110458f98def2c3f8604eb735e5f2d987a6fac6da6a29701c9de34da45a4477c49a7cc3429406d0cbe5691f52311f9a2a64f3994654d2aeb75b8d4bb1257c8fb60216739cf2e06ba6d5598f9bc69ffe5885c239e5c0a854923a8cf24036312226700d59aa934d5b55da2549019418d6b72011dfdf0ce50b45548234ad6756de4868824fd7c8db01a2f17e3753314e2a66095620e8e91f3f63718a94ce32bb9a799a3a62fa8943bed70303794ce3b1a133fb5d400048034b11368fddc471991d1ea17301b434cdce99da4cfbdb007197e3b9a5821a8306f260d1e865adb771823c971fae482d443c770aa67b45813f6c67796a2430a6c10b390b4fc71f969b923c1fe6ef1e5897c2f32dd37714817500d4801b4ea23498d522c676c0690dcd950855fc130bf8a51b69b80011e8702dc4ab2d6e29a802b1d1014c820ee6649236f3ef88efc5ba65514d68ea056243820f88c0d3aae34ec3c8e3b235f5710d44cea7a57bdec60de0da301a153e2397a0aab59675aea077887a9e40c7fa63cff1ae1d523c6401e8d6f63a477ed3db153c7f3b52850a755202c3ab0f01daad48f0b83e7f944e2973fccb52928352953759831411b7b0ba91b920600c16a70d6d40b8f15cea30768912de58a9ced3c83fc955496247ab0d8cc1fa76c08716e6742a43e555090003d3e99f21bab77ec0e29bfc429282aab4e60ef3a8cefb91e780d072191a2951ba2fa15942b2804edb5d45bfd312f9838457ad482e5eb52a44101b4553317b191ebb4633acb71608202a0307e5d31f585fe27cf16195e22b001a95c311a98aad87699d768df00e52e4aae804d6999d7f5901afdac3d7076e7314b848cbd2abff00a90bf3a302c0979b037f94fd3013438dd348639a76830dad6a411b4cc9dbcaf863fc48b2ca67a9883235369b4dbe65c053ff008567deab6a0f52ac8b90cc63b907d0f946345e09cc1c4a8e5fa798a552ab92d2ecaf61780207a77bdf02d96e275499fc45220ccf8d351f20208318b2a1c738a2900535659ecfa80106098733ed18091c63996ad6cbb507cb555d4635026418beeb11daf883ca0b94c9e62a662a51cc33cca9661e13decb00863178ec77c5953e3d9e4425b2aed7d52818cfdc10316f92e7baa4287cab19ef3b479934e3f5c004731717e215eaf5c175d201852560586a1e424c0fbe2673ae70e64d27631aa9535a85962e457bc5b072fce7942575e5fc44181a51e477bc8fd7021f10b3099b2bd30c88c1561805d96b7948d8e00073fcb9a1169825ba6dab6b19bd8fe98e5e0aa6a355d50cca200117fa7a08c581e5a3d2a14c55d3d362d24c784b4911ee70fa700cc9ccbd5057a7a600d7dc051214f9c37df0023578132d328489d53dfca3cbdb057f0c11466c8605a29b8da7fedff4c5157c866928d45fda170eb06751d8489fbe0c3e14abae73c4a095a6e5bed4a7eb3dbd7016f4fe1ed514512a554a61736730081aa6e61371e713fa1c4ae29cb3903473356a66575356d417528fda856d34ed7937b1b98c4ea5c959bad428ad47934f889cd1d6e4fecc410bdfd7c387799393e8e8ccb3d60baf343348223c410a84926e49332300094d689cde486a6eb8a79595d202e9500fcdfbd3da2317f4b9a2155696540273ab947d50258893506917240efe98aca596a4f5b2553aabd6e9e541a40190be086d5b5ef6df7c12e5399292109472e7ff00bd140b342f8cac3d5b493636d89f4c051e7b3fc46a2d45d2129ad4aeac1520145425275124cb4091136c1fe6b35a16a0a744546d7fb213bb449788f956e499ed811e39cc99b7ea5334d15055ab4890a4928b4c952493625bb8c5d735f0cce55cb252cb0a4659f54b43132480256c2354fbe005b99b9c1c339fc49665d82b014f6bc3013f482db6c315bca5c6f2ace956ae5e99aef502f5206a624b26a0a04784c6e260e2a6bf29e78164e89a8c6345458d2a274c0b03227636b4c409c3bc3f92b3a8c2b3e5ea0aaa40a7b7860f860930ddee7bc5af80d929b88dcfd31d8cc6a65f8cb92dd2ab7f2302d6b006231d80a12e119a1cdc74cc8999b7845a5801bdf0ff000ce13d3707f109e1b94362444c93b7fb62156e199cd624061b986173da67bed7f7c751fc453f19a2c5a60855936f3dfef80b2e2bc20d40bd3571a1599741569d444771e199c54700cacd37663e33d442349832cd3faf6c58257aeeeab4e8d41524a8214ec2e3688fa98b8c4ee048aa2aa36e2a54d502ea35c4dfd4f6f2c0494e00a8b441740535349b4c9631ef7fe18aacf72c1e8ad20a0b3b97001eda45ff00960db27c4a88a00d54959d20f911307ce0c6f8a8e65e2aaa802228a8772c0787ba881733222f80835b976a1cdd065568a75164816134e9f7fa0c39cbdc11d69e7649f1a65c7ff161e7f6c44c8f30d50b77a86a1dd53c2b631dbc516045f0bc9676b2555bb22b1d989b817020c9891be0202f0664c95652df3667508def4dc11f598c5772e716e9d6a4fac20428a5ab4f874f86481bda6ddb07b98e3f4de5182b904b68d02f68f49dce07721cb135c161286a7c902203283da44ded317c0116638bfe268ad031519cb1d34e9b3285d4d50fed1804832648ec2d78380bc95167a19c35a85367a0f4995ba60186756292a3e5858f6638d569702e855a8056d6b05910c4533aea526002a8310e379f9715953847468669491aaa94f97fca3bcc5ce9c066191cdb54ca662a950b56954a3011990105d4e92a0c58aefbfdb0ee778e3534a19921cd4a94dc91ae403aa98b6a0c4290bb5fb7960a383709a428e6696a506a5446937b089b89b88dbd70ae29ca4b569e5f2faa9f854a97d5a7ec0fdf003dc56b0a554831fb714544d1468d4a4cc5ac0b76bfdb1e653300563943d3351ead48f0b281a598402ad60429b4188def827e68e0295abab53f174da8c41170a106d37b038aba9cb4c7888ab0dd3d75bc50601fda1824fb8c00cd3cd9a9418284269d19621d8b5c0824158264dc0318792a865245362aae8860a3ac96b88b418fa615c1382b253cd92081f8758f524898fb4e22f0da5a72b550882f56431b280abdcec24b012481e64602c5da939a61750462d734cb0b44905188201307ca30a5ad4c3323d501544825590924b0d883b051bf99f2c53711cabd3c852a6478c3552cbde09a7a48ec418dc5b7be3b8a0a94abe59031134a86a009f1492208efb911802dc99570cb4b334d5a9be8d0330575831e21e113126fe9b61595e6ccd53002d670a1b4c751dcf7172b03cb159c22ab9e32b4351e99aec197b1dc963eb2a3ed8aae2198615dbc4481a400bb48dcc7df0047539c33b51b4fe258ba900acaad891e409f4c3f511aae582b312dd46993e74da6e49c679c2731d3afd43fbc7eb707071cb3595e83bb28674ad51803dc0a2cc01f49180f3fe59cd8cbe5954b4a392e4358a96d406f7b0c5856c9669734fd567e8b52f3b2b427ebf37dce22ff00ccecb94ca5514c06a950d2a803b002091206ab4c6ddb0fe5b8c1a99aa9963afc0ba819041222771b5ff4c051fe233428d4a8f26aa300bad6e46907e5020de460cfe17b939b67362693b122c248a3200f7c0b57e32af41f332e023e8219431d5631620411829e4a151ab3b0652a2948632241e9418f63fa602c787e5f89e6285287aea578892fa4e826883310b12b07bc827cf16557901cf5aa54611f8d39b59627c211974f94dc7b62327c446e951640efaf3a3284390b6fcce0adfdaf8ee37cc1996159508434f88265d4812c696962c0b34ee44cfae023e5f25411f299898755cad264d373d3d3aa08b1606469dce2ff008467b20a0921351ccaeaea306d3598022224a93da62319b5058e2995075691472f0b37b05c1264b84ab2d6b5db88d37bfa2301fc27016dcedccc023ad3a60835aa65d8950006542e4ee64182361873259c715748ea6b0cc003ae226e7c303d37186b88700d54abf85a173b5aa030620d2704fb4b013e78baca706ea576d55bfe9bb04503b1befeddb0167d434bc673074ccb8858416064b5c0048f5be175f3f5821a819742ab34bd32440b869044cf68071329f09a5b9a74c98824a09227624ee2ddf0f0e1f48285e8ae9160ba5600f20360300355f2d9a0c67f0f33d988f5d89c760b8afbfdff00d71d80f93f39c72bd2aac0d474b98991ea0fb79462e39739bf31d41a3c60292c0ba86371b6aded36031afe7b9272d5146aa04c816503f886fb605b39f08e8330d342a053bc30b5879df7c0551f88ac861d7706cd4c823cae0f7c53e4b9c32a430a997572ccec482d2159b55fc3b5fcf173c5be108a6a5f2f5abd32370c2c3ce0820e05f88fc3bcda91fb757d445c8631ee48207df01e7fcc9976cce8f18c9823c1e23063e70d361311f5da70499ae1fc3b30ce7af511de3c6fa98786237040ff004c0df0df85fc42a13a7a6cb3a5b4b4379f7503f5c693c0b8770dcbd41976a04d4d30cf0afa443b3072092634193e645b014f4b97a9251294b362b31371d714019f541a89bcc1307d31e50f87952ad1a645622a2a0d7a4a95d50260f7bcf7c131c97076a55eb90a94b2efa2a542a609859801a4c48edbe22d3e56c956a6b5b299c1d376d2a55c896f974788cef6db0035c03e1ee6e8d70f5b5300d2a522f17bcffae0a7899ccaa86e9d4d419601a0c7671324083600effa62ab8ae533b951fb3ce542262036a03fd30c64b8cf113e16cc31833b5cdb6de301a5d55ad590a95750772a02cf7dcdf7bc8fd715d9be5cccd7a7d2acc029956d0d24a9b09256018fddc513f1ce274c2f803ae9980f7f68817f7c49ca73966405357235b7b10ffac007004d95e5ea771d381efe82e2d7c50715c8e5c346aa3ae9c6a5d6038ec0904d8183dfb1c52e779f1ea540c5ab515465d4ab4ccc6b0c41d562485d378b163e98b7c8f1ee0ac59bab152a0018d42ec6d246e4811a8e01dc8f06a358ea422e60e9f12cef789207bc621731648537e90cc52a7520952490403b499220fa8ed8633dc5f85f0e42b4eb2d5a95eaab305700853019a57684531e6d1ea7159472b91cf1a950676a51713a4d721c3202c1618905ac27731237c01354e08b5d00a7510a99d4118308b7f3186f2fcaaa2b2017f03900aa8060a8f1002f3aafed81ee17c13308ab995cc65da83682954bb5330e544c74c90dd80bef82ee17cf390cc67d68d3af353432af8480c4904007726149db63380cdf8cf249a15fa174a759c9a2e078036ef4ca9b00370c20c4de167142f5c51cd3a66e99aad9628bd4410142e96424c1f5f9bef8dbb9868ad7ca56a55c1570cfd3d20170159852a8049de2413bf96e319272f71ba94aa542835666bc07d41a57e55d4a804b5b607d01bce008397b2392ad9b6ce537a9ac39a9a554130da88369ed3e7b5b19ff0032703ac8ecca842993245fed8df792f977249452bd04526a2862fa74b313324c77b9b63b8be768a7555f2ef5129ad36063e7351d94a0d43750036fb1c07cb6c86634b6f3b6343e4742f9680449aaebe5bd2205ff00bdb1b7d6e4fca34451458bf8447f7b62baaf2570f97fcba00661aa02ee431f2b0380cbb89f2d30a195a6aaac29540ef1de58b389ee37fbe1395e12ef9c6aa8874f49918af9f84c9bcec378c16e6b9672f58464b372cd4d2a8018dd1e74b7cd798368fb62e397f91de92cb661c3331630b22fb0bcedb7d301939e5f7fc056a4c0877ac6aa58c901540b7adcff00b60ef91f863ab98bc5182a762474847da3ed82a7e52af24fe210a8b89a771e966db12f84f03ab419aa751199811604012560f727e5fee3000bc17952b3d141d020a7106ac24e92148371dbb823ebe5823e2fcb68a6abd5680d5cd750a449b100107bdfb7a60bba2e41265f6b6ad23ec00fd4e1745a9d311e0512458ef693bf78180cab82f2c661b35473288212853405ff0078000d878a7712469ef383be0c8cace869856f9cb2a86f15c1bcef7236ef8975b3193562ef55411f34b40f72315dc4f9cb2596a7d5487536f0ba0fd1981dfc81380bdcb74eb2c99713f9a2c47a0c31c4f8be5f2ebadaf7d2008924f6b903b79e33dccfc4ea734928a7ecaa368202958d44090ed1704cd85efe58ee2f924ad503d678022003611306d04993bea22db602d38afc440b991410695d20ca9469331a444cee0dbb4dc609538b55a8aba4042604345ff788f11f5027f5c0465f2b964a9afa4aa6e1dc820dfb93e44fbed8b0a7c4b2f58a27e209d464681e16fa98036ee3f8e00ba8d7ac54125d0f75fd9b47d631d818a1cdfc351429d40ad8862647be3b0135dfc4813a8ca06a9f0a79413055a2fded71387a8e6f34c053002b1524542e4a8008991254d981173b1df16a78353662d5016f7300580b4198b0c4a4c953121500ee4c0b9f737c00ad1af9aa846a74a8f0d2b4e084891633dda2f02d37189141d8d3d19985a9ac80c6e34d88d4ca0dfb41236c101a43602dde0498ff00dec7cef6c26968b10248eca351f2bb13808792af4109556a3aa04e8a906d6d8edf7c4d52082c175f99255b7ed63b7a62bb35c329b5ea2a02640054d5683e9b0bee1445b7c765f8465d229e95d652403a69960a412c1544800b01b770300e55e1794a922a514f33e0d3b19be9f23e786e9f2df0ff00d9e94501486550e6091b3159827d4df0d27093ace962a083e0a6eec64dc12ec6227c80df7c4da594a88aa2a545f94033064ec4c15f2ed807735c072cea41a4a6ddad8a8a3ca342954575f06933713f43e28fd3b62d29e52b1925d620c16a6a2e7bc0bc7d41b619ab99e9e91559d4b5874c311db6058da4f960252210091d0723681a3e84cb616730c01d546db7ecd836fdb6077c2e954722407f4d4136de441dbfae2352ced6d6c0f4c816845763302016b203f5f2c042a9c37285c31cbd40c74b5e9bb0b06500e99b80c70cf13e0991ae8c0d341120b302a4778f12fae2d2b67aa295945bc012c12e44c4066f6db0b4cfea492c8b23f2d407ff00d9479f7180c63983e164cbe56a2befa8232c8dfb4df10331f0e788a65c541a9b488e9baad80da045fe871b5be7b2e48ea51322ea7a61e77f1295064fb62355cd5163d25d6b24f8896a40778f0e9da76380f9f38972c67e9320a940091e10a4afcb79b1227f4c45e0e99ca15973196a4fd453220ea2ba414ee36831b1c7d2b4b979180d4e58c6e34b01de06a5263ebe786b25cab4e892f474c99dc161e66c1d46f80c3df9bb37d4ad54ad7356ae8ffa94908010100482a7663752379c1df2a71caa5753648923764ab5378bee4c0bef82ccf72d75010692dfb868d3ec0cda6ff362572be41f2c8691a6c5756a0c745e7d9ced1e4301574f9aa8f4cd1e8d7a20ac2b5356ef17562b13277381dab997d7fb2e35593fcb56987607b030da7d6344e34dfc4aecc8ebff00813faa82301e73eafc65f28fd3343f082ae96a601d7d4d07c646adbb7afa602db8167d994ae673342af657456a6db434cd81f511be14dc1a9eb67a469560e02bd3acecfab4fca4392c6c09b10667132a72d64d847417e96c20f2b65ad67b08ff00a8dfd7014dcc0993cb53a6f5f22803d44a4bd254b33985160a74e2f78670a149c9a6869a1175d64826d708642edda37c665f17172f41282f5ea96fc453840c4c0532c40b995b47a918166f8a99b5ea8a752a1d2ce69972b2ca0a8a7a94a924ee4811b8f2c07d0cd4d01249bf7963fd6062a69731653c412a6b29258212fa4f7048900fa138f9f329ccdc53335facb98285d82852a2a41ec15594e9989b462766f9773359b5e6aab4b093aaec7d052413048168b4e034de2df1432ea9e07a68e0dd1f59622f60a8a6fdf73805e23f102ab1d7445457b82b54d3d04fef6909accdbb8dc5b113977973af55e9e8656a6d1240a4b701e4eef7ec2fb462ef8672d466aa652ab014e92a540d4974b90fd5f09762c60326f6ef801a15b36f57a952a54a0d50cb059a21bcc0b963b6fef8b0ca726bb92d4e9bf8c41761a4188ddea78e4f9853b63ce35ccf4a90a94320b490ec73061aa3479334dbd4cf988b628f83739f10cbd40cf54d6a73e257836ef045c1fd3d3006dcafcbbd55eb56a54e91a65a45c9052416d4db131331dcf9e2166b89e60015a99e9d292249963a7da58fa9dbdb1639fcd353cad664aaaa2ad47686dd95831881bc4830378ef80be19473d9c9a5960172c2e75eca2658060351df61fa602767f8dad5577ea94dac5d8b96b82d04c458098312bb5f10b27c5052aa8fbd42da591492134c0006c6640f3999107733e5af865972a5d5cd5d4854f5815506665481a88ec45a477c18f0bf875c3d0294457dd836f323791bfb99ed80c5abe725892a2499265ae4dc9efdfd71d8dcff00c0c278550051603fb38f3004eed047f0024fdfb610f540de01ec0993f618f4b37692636d87df0b01bd07d3fd70153c71ebf45cd0a46a5500f4d5dc2a92418245a409b8388fcb4337a5bf12a4336985460545bc441b4093103f77d717fd2133dfd7086133327d2e06023d3ae82a1a7ad03882514cb5e4899bde09fa1c56d7e0f59b36b99ea2054a6f4d29b2933aca1258eaf3411118b24cbd2153a829a750882eaaba88f2d5bc7bf961e3427d3c893a8feb80452731075318821574afd09feb8e4057b222f6ee7d6f22ff007c493ee7db0849ec0f7b98ff007c030ce0882b51c88981a667d0900e3da745849d2893ee7efb7db124adaf7f6b61a34ade1503df61f4c0476c85371e352d7b8960a4f7f0cc47df08cbe42928f052a54f6616163b9302c0fb1c4ccbd3602188f48feb858483603dcef808b4f2eb326093dc2088f783dbd71e36569cfc87b0f2005e2236fa79e25b93e607ae19d41840ab3ebe138082783d1533a29a933b024dede77dfb8c49a3c3d14780103bc4a93eb622e71038c67e9d08d75ca9ec2d27d028126fe87149c7b9e172da16a16a62a1d2956a210b23b1205beb1802a39146de9c11e6d7fb824feb88edc229fca9e093a9b412093d8cde3003cddcc19ca19515d330aca082da16250f75693dafeb076c5771fe3795a6ad49eb39ebab163ac9296a8b2ac4ea1e3a6206d73e780d3c66511957f153ba95664249bde77906dfcb1519ce73ca659ea8af9da40a007411e28bc447cc4c6c06323abf111ead114511deb69a61420da428acb006a830c363ba9ed8f287c26ce315abaa905a80b54ea02ac961701d75124933e1eddf0171cfbf15aafe2051ca10ab4ca3f527e71e17d0046c418ed37c54f2b73ce64f165cd57058544145969a1b24922049630d067df0be1bc81974a9a6abd477133a74a29066411a5aa5e6d031a5f09e17432fa69e572f4d5a000c478f68075b062761be8b0c049e3d4f339c5a66855e8d2575a859415a874df4ab9f0c1d8823690419c48cf7104a70ceefb7caae60fd49549f624e2a399b3c28a97af9b556482e94e67c9406d45d499110449c675c479da82a394422b31b172ac67b1201931b90c7fd01fe76e59cd712cc2d5a08aa8b6b9606e675dd412de6408b6f893c2be1d65a92b1ccbea704a6b3ab4ea9242e94b9631befe11dce016a71112598d7aab60cc0e909aa0c82095b5c763efd95c339cf340d4a6adad6a282455218cade75345e7c500dc85c06c596e1790a28485774d41982b0a731a9432a2905fe5bf88933823ff151414252cb04f0ea0246df981205984de7bdaf8f9e9b3b99a335c544530a8c0542580650260d88603717178889c48a7ceb58d0d0fd530fa91d8a9f17e6bb02c41b88523e63337c01a7c41ad519334d4269f5aa511e1b12bd22e448f6171b8c5172a6773468bf88b546a54e88632588152b88f3b2b18f6c4bca710a46928a9a18b035003ad42110a41d22da4340512763b4c49ca71fca6555aa51a4013bad4762daa48d2b2091662c493b103738009e3bc02a5324d440bb7cc40dec3ea7cb7c47c9f2de69982a29bc58b46fdf7db1aef07cd65f8be5ea2d7a0aa548122658113209f12826447a612bf0df28ae9550d54e9b4c29107c41b49813a4c11e4013f401bca723e718055ae65441404dad137b410488c59d2e53e26aa40cd232c0f090189bcc6d3d85b07a814ae9ea15bd9815d42e0eee0fb7b625e6b8436611aeba58100292a4ff00f914ff000180ce29e578bd155a0a68891a52da5a144fa82409c5b72ef13e2394a694df25d4a688a8ba5e48d3de013de37c51f19f8459c5656a15c8b15b10180ec3500a58fab1fa9c47e19cb9c772b534ad7ae4182c7e7902d1256a47e980d0ff00e76abf9b275c1ee3a64feb8ec7536e2d17af4bff002a327ea656ff00418ec010e638d2814c82155e4ea6ef11b0faf78b038a9ce575d67aa40a84828de19008000037b3007499bb376138ada89d42b95608560992b375260f9fe41b9fe503f472cd52a3b3b9243948bc0930604ede23fc270077fe29583511ad6a33380e8a040520dc9fca7c24dcee36f2733fc78c1e929db765313e2f0fd488b1b4e06735c56a64ca2a696d6416906fac794d8824991887c3f3cf42955510c4537aa0c400c420b28f96e49b460090f381511d30f24c3a821088d51378680778ede78bae11c7a8d712a7498901ac622663b77dfcb18f557a82ad5a5aecd5597541d40e9532086b0d52da76be08f97f26692515d65b5326e4c7ccb16d511b98f5380d317394c9003ac9d86a127b5877c3f813e354400158924e96d43c3069cf6f23a76111263035c03983355103d4a818123c30478601d33aa2fdcc6d80d471e4606f97332ed51fc5e016097817ec49b61ee61e34f4805400334f88de22fb602eebd55452cc40004927b6338e25f12b2b55da9abb941ff6812cdf502c3caf7c5673297cdd160d56aa93227592b6bc1410a6607db01dc3b868440baa6604c091a80631ff009091ef8032caf3026728b35074a67f2abb3b34f91121434c7864fd7145cbdc69c6673146baeaa947c4403a174d8c05060b0facfe981e5a6f41eb9a4c07559a752962a1b4930756f2a2e712b877260cc0ead4cc54d4cd0c5444a80b0bbc7e980f79c38cb65f8853ad97ac5a9b286650dac0bb784ace91205ac3b9c48e6bcfd6e2cb4972d42b69a65ea06658048d5a56c604ed248dc60af97b8465e93746951404c4bb8d731116b6d8bd4a62a6aa771a0959edb13f28007de7019a706e52cf69a74f315569d00cbaa8c75491fba42ec371bc5fd3160bcb7c2b2a596a3f5aa09d5ac9710b73294f603b9688c55f1ce31985620543a022b6816521943e92a2c6cc07fe322263149c7f8b56ad564b0580b014401b34280440959ef7c068398e63cb5209d37a20bcaaf49626e27e4831de75198900e2a78c7c4c5287f0eadd50402da8042266c154120898d7e7b4db009428b920f51a0004024ec3c40133b0fa79db04195e5a1572b4aa3d5b3d529a428107c4bab7836416d3f5c023fe7cce53268a57e9cbaea695d4227580fa6146de1dc47ae3ca9cdadd3356b0a959e574d53559490092053f09800599ec6e0779c40e2dcb94d5dfa64ae8d62e034f89d47d2136bdd89b6d8a1cdd12504b12663d80b40f2f38db016d9de665ada8352eab998632617e7300c19046f37824e2b4e71d825132c419876206de116303b791c374732ea81521406236bdc03333fe5c45aac4b09899116b76b4797d7cfcf00aaf4d5059f54d8e9db6bde67b8f7be13c39975495d441116b795e4d877fa6082964ba944bca8e9d434be493b1bccd944d96f1e78a1af97d014cdcde7d677fd300bcfe61ee1c02481b0802001200313004eded89dc3b8f5541a5363b8d94133e2ee035cec06c3cb0df176d53534a8b2888f40666667c5bf78c5872bf2e9afd54eb14001985de04c1f10b481f6c0520ce5490aa7662542c589befb9bc44f9462cb87d7ea6b566a8da8aea72c09d20c1b3193761724c7a61be80353a74c045a853b6a2b322c49f59f7da3175c0380ad5ceae5d98e91218c03aa180320dafabd6230069f0af8b00cf49d5128fcc5c983aac002e77178009901460938df370a150a5301d41f196a9a348009260235ad00989271515a84574a08c528d0121001e2d32be2f5304cc77c0173b28a5558d395ea02180363dc0816813de701aae4399f2af4a8d422439d268950c751655d2cd3a40975b9b1d423cb17bff00326474f4d693aa88d5a69680a48d4648236041913e938f9fb855634f2e843349aac89040d1a826a3b199d23ec3cb049ca79cad99666a955b485f956577208b83686136f6c07d0796a2348d2fdb69277ffca712950cfcc4fa5ad8c7f81730d49aa6069a5202c9831a08f6dc0816201f3905bc2f8bb9a2ae4599800a09f0ea04932499db638034838ec0d55e3ae091e56dc7ff00ce3b01ffd9);
INSERT INTO `topic_diagrams` (`diagramID`, `topicID`, `diagramTitle`, `diagram`) VALUES
('WW2', 1001, 'World War 2', 0xffd8ffe000104a46494600010100000100010000ffdb0084000906071313121513121315161517181e1b1818181820181f1b221a1b171d1e1d1f1e1a1d28201d1f2520181e22312225292d2e2e2e1f1f3338332d37282d2e2b010a0a0a0505050e05050e2b1913192b2b2b2b2b2b2b2b2b2b2b2b2b2b2b2b2b2b2b2b2b2b2b2b2b2b2b2b2b2b2b2b2b2b2b2b2b2b2b2b2b2b2b2b2b2b2b2b2b2bffc000110800d100f103012200021101031101ffc4001c0000000701010000000000000000000000010203040506070008ffc4004710000201020404040304060804060301000102110003041221310506224113516171073281144252912333a1b1c1f01534627273b2d1e15374829216354354b3c23693f117ffc40014010100000000000000000000000000000000ffc40014110100000000000000000000000000000000ffda000c03010002110311003f00d898d224d28688450021a34d0814196801a801a365a10b40422822952289968126145cb4b84ae2940dc8a2114bb5aa15b340d9568315894b48d72e1ca88a4b1de00df6d69f78744bd614ab0700a90430600823bcce91ef414dc3fc44e1ece10dc292400ce02824fd640ed2c00daac567168f26db0683060ede8476deb2ae75e15c085c6457387b80124d8ea598d17c3d46be9947aeb543e03c7ae59b8aab759566332fcca343235f4f94e9ac6c4d07a4b5a500acf7937e255abb16b18ca8f242de8ca8e013f38ffd36d8ebd267b6d5a32804020820f71acfe54048a15142568098a05c351b353656a50502a5a8a4d05001406114028450501e69373426823b5037b94dceb4f5e916b74087d0fe5fed5d4e3c23fcad75049c504574d14b50180a1345146a0034146aea02815c451ab8d027315d9ab985065a0381431402ba6812c6e2edd94372eb8545dc9fe75358c73e7c4b6bc4dac312b6f69ee7d74fe47eda98f8f522d61583100bba951df45693ed97f6d62e8a59800249d86bafa6841d7d282e7c85c3704ee2ee2ded5cb85ba30ef7028d3ef3e632e4f65da35333035cc6b615b28c5e16c158805adab651a468c2401036f2158d713e16312e976de0beccb71d50db1a2860bd5949d81cb311a4fad2187b98db45ace1fc5b880c78201ba34066144b2c6fd31b506b7c57e1470fba3f44af61b70d69c91ff6bca91ed1557b7c9dc5f013f676b789b5f803659f5c8e4007fbad5a6724629eee070ed72d5cb4e102325c055a53a49820183122477a9ccb419270ef88cd65bc1c460f162e9ffd1ca598eba94cc0131f876fed79dff83714b38bb42f586cc874d44152370c3b11e5550f8c3c4827d9eda5dc97509bb004988282674820bfe54be0f914bdb4c40c55eb18b75ccf72c30c8d9b5129195c6bb889d77a0baa5b8a38154f0fc670e0865c363546cca7c0ba63790c326bb694fb807378beb37b0989c2f9b5eb6426d3fac881ff0050141648a305a1b2cac03290ca75041907d8d1a809143968d4614093252669c114930a02450915c0509341d1e95d4197d7f657503e2b442b4b30a4da813028d4114602838d70147cb45a0ea29a313453400050d14b574d0713459a267aecd3a6d4198fc6ec45bb98645592d66f02580e91991c159f3d8c09f58d2b31e40c37898fb00ae619898f6463e6076efa0ab573470dbcf6eddb170bf8b7f2956107c4b6ac9024c0072c8f56a43857293788f6cde5b0eaa742c7a41d33428ef246a6746a09cc3e3ecda32ed6d7a8e54337490240b8e163231527458d22736d527ff8b2dd9b96ae5bf09e5a1caa1042e83766276274201efef9660ae2accb2886827b183123beb567c2e0d5ad7e91cdb95393e57cc4091aab123503489a0dc70bc670f7406b77ed30224438fdd323daa179db9d6cf0fb7ac3df607c3b40efe4cff853d773dab03e2dc4ee58b8d6b300919868258376d76d647e7510f8a7bcfa4bb368154663e8001dbd050590ae2b8be342169bb70cb3f6b6a373036550600ee7bcb4d7a1f0d616da25a5f951428f65000fdd548f847caaf83b2f7afae5bd7e3a4ee88b3941f2624c91ec3b55f4d01628ca76ae26800a06afc36d125941b6e752d6c9424f9b01a3ff00d40d028be9f796e8fed0c8fef280ab7b655f7a7668ac68140d460d48a8a3cd0285a927a31349b9a0217a00d457a2bb69a502d02ba9a66fe6286826d8d10d1ab82d00014715d1468a00a2114a1a4d8d0149a231a134534056a2cd1c8a29a045d8804c4fa0dcfb4d5638873e60ed0eab9da7627f70ab54557d792b0018bfd92c962c58965cfa9324f5481af61419ef15e3186e2189b0b8770ad6ee1bb717c361f2f5071d3124c13aeb4e79db1d2112e61ec5dce994de6496600820488cbaeba1247a55af9d5f0986c29536d51df32d81693290e46841b62546d3d88d0ccc560bfd278a2ad999996759d406889f7a05b8870d179eeddc39509f3e5990b24081034d4ed512b69d5802a413e5dffd69ce02330cc0903439182b76f3dc7a48ab4728f0c18bc58b174ba5b452e18fcd1a2852761bfec2228348f84a96ee6065ed8675b8cacce0313a29104c980ac06b1acd5e2d5a45f91557fba00fdd50fcaf86b36d6e261e322b804cccb64599d753196a6c2d070634706832d0843406068691c56212d2e7b8c157ccfee8ee7d0534fe99b5a16ccaa4c666585fcfb7bd0495172d0b0a21a0385a3c527460d41c4526cb4acd73503574f3a45853d2b4436e819fd6869e7875d40f568f14514626806b8d0571a002693229434114091a0a6e9c411890a41cba1931b52b62fab8953de0eb34078a0346a02280945229971ce2d6f0b68ddb8749000db313b0aa971ae7194202322f703a99bd04504773f586c55f51e204b5694819402c59be732c088d146dd8f9d67dc7f8422e6225447eb15401ff005aa7491ea1446f3527c4b9ad75172ce2147f7540fcf3541ff4dda2735bbcd6987ddb8acc8def1a8f7140cdac4e55f0d738fbb00e6f5479d41dfcb4da9fe12c2dc36d2e5eb9863ae77c8f77b18cc1483948dfcbca93b5c652615146b25410e80fe2581227b88fa53a174de203a58bc9b68de1b8f4cc227da01f5a0dd795783ae170d6ecabf89bb35cfc6cda96dce9ae9a9d00a978a8ae03c492f59536c05ca02941f7604003d34d2a4527bd0131dc42c5900debd6ede6db3b859f693ad671c63e23b61f1b709b88f8685f042c30711d443a9dcb08dce5d881dd5e31c3dbc4c5632fe20d9577c80a160f96d314444313d594b65512ccdb81bc56138459b6f7afba80f70924b44a83ac6bb12352675f388a069ce3f10af5dba2ddab28a6d332f59739a409b81542803481d64eb3b1a8bb3c7b1f88554f1940b8c1552dd95324e83e65631277a75ccad67c3b6c8ca8ae028cc59c6604a8652492240d75ec7eb33f07b9752ea9bd75c3b5872a2da96191c3660cd2048882b048326751141a6f03e1cf62cadab97defb28f9dc28d80100201d223bc9f5a7ac28cc69367a03015cc28aad468a0eaeaecb4018763406ae8ae1433405a1a09a1a070a68c6a8dc2b8cbda55171bb0dfbedbf91ab761316b717303ef40ec50cd1051c507551f9db9fede109b4926e1505580cc0927e5104498f23e5dea5798b139ef2e14e60a6df88d001cd0c000646c08923be9f5a773463461f2dc687655670add802a3492606911e9f4a0ad371ee2496adbe77c359631999118ea74cc6e5b2e07604f98dcd6b3c956af0c221c433bdc6962ce41243195db6111a76acc38673f0bee1461aedd790422e589047e26823b6bfc6adb89f88976dd8bb71b017435b59019ed8ef1240b85f2ce9214ea40a0be9a2d54797b89dfb9646331378db5639c5a21157c3db4fbd326677d06e0eafb89738612da5c2b79599149004c1f200c41fa4f7a0cefe2a733ab5df094feacc44020c13ac30237883e9549c4736dc65823522041827fde95e15cab8ae217985982265ae392157dc8075f415ab7227c394c03b5db9756fbb28007861557506449624c8df4a0ca388f2871061698e1b10de280547cd1236688c8477cc07bd5ab807c1b942d8dbccae46896a0e43fda660737b0007a9ad9585065a0f37733722e2387dc19c87b4c612f2c813f8587dc6f4d41ec7c8fc2b8bdc101addc7ed9810da7acebfb6bd0bc4f86dbbf6dacdd5cd6dd4ab0f43e5e446e08d8d79c31e2e6131172c33b15577456ca3a82bb26601846ea47b823b5068dca3c7bc3b80990a747074d0f7f71bd6a7a11a41047e60d79b2c7150ba8c4c7987c366fccac7ec15acfc34e6c5bc830d7190bafc8e8c48603b10d0eac07633a773410fcc698818f165cda387b6a6e0c8ba843a22303d28656646e13b0d2a178d7127ba56d58be0dc7215103e9ae81490a41fcfdcd4c7c64e32f6d6d1b64a45d650a540f1001d4faeb943008b313d6402329aa5f08e62b4ed6dae839909d73aae62674d0a1224c803bef3413dc1387e212cdc4b96d7c6b4572a5cd51b289ca1c365ea827a740580ed4e381f365bc0e2ad1386fb3dbbc4adf825a409872018255984b40319a996338c0b5602e26e39673d5720b039b612753034f3d054571ce1b6f1563c65c4a07b6cc12cb832ead1aa1124091b95037d4506ff84e236af0cd6ae25c5f35607f75171375514bb30551b93b579ff96f97f1188206185cbb1a6703c3b29aea3c43398ff74135a3f08e018db576df8d8d64770cb92cf5a845c910d7468771a20001d3ce826ae738d82cc9864bb8a71b8b0b980d27563a0fe34ef8163b1b7189bd612dda3aa9630e076194133bee721d36f298c3d8545c88a154761a7d74efeb4b4d071411aeb41340cd459a0386a4dda8a4d118d01f38f3141487f3bd7505270eac9643dd52ecfa41edde2ac1c95c405c47046561ac1f213fe95077f89335d748d001ac7d27d0d4b72cda6f0cdc31bb292362277fca82d982c40750c0c83dfd8c53a1517c2f2a0f0d774d8133a1efed526a7d2829ff001138062b10b6ae60ca8bb6c9dce52411d89d37ec7f85633c6f0d8cbab70e308172c908c2ec17592202c033398990761af6af45f17e2d670d6fc4bf705b490b9882449db60636dcd513e22715c35ec222586b7887c4b45b2ac18f4892d986d946f3e71de832ce4c0d66ebba3a66d0025f2fde5d9a0edec7e9bd5b3899c4e30e1b0d693adaf16b92d9878684666691f2c9d8813220411355c060dd6faadd716d7309645f132cee42f7d0b6fe47d2775e51e56b181b596c93719fa9ef3996b92491a8d235d00f7d4eb419c7c43c7e3531a5461ef3a023c2296d9d0a10bd2b94100c883dfe9147c2fc32c56322f63311e013a8b68b99941ec4e6014ff640306b61228812823397b81d9c1d9166c839664b31966277627cff00d00a938a365a4daeaed3fcfbd07134134603ce90b5885719adb065fc40c83ec46fef40a1354be7fe4a4c661e2ca85bf68bbdb3f8b3b177424fe262483d8fa4d5cc8a00b41e68c0d86b720824824306ec574208dc1069e6178d0b645db796dddb6c19545b4198a90402c4c8063d3deb56e77e49fb431c461b28bc47e92d9e91740d8cfddb806809d0e80c6e339bb8616da48f94e56ce9d765bbab44301df78fcc5044fc4ce2c3118b674cd90a2300cc588cf6adb11d474009881a0d6aad81bd751a6d121bd3f8ff00bd59799b86338f1521d947e93289e91ae62234ca34244e904ed507c3ec383995828efd436f553b8f7a0b9727f30f10b7700b16eddd2eb02d9b79b346b3bae51b4998f3ad0d39213137c62b1aaa58a8cd617e4cc366720c3b01d3004401bc4d663c8fc5ae9c6745f6b198407081ed883a0b884ce43fde9063e9b184e28019b9c3ca8fbc6ddd58037240b847ed14160b36c2a84401540855510001a4003402914b20de373f0ae5fde7ff00b7eeaabd8e6f676f0ad2f88ddde0a827fb2bb85f2933529639885b716b1082d9fc4361e520ea3de82c2a68c4d0014268084502d09a0ef4056a49a9765a8de258a09326041275d80de817fafeca1aaaff00e2dc3ffc74fcc7fad0d0566e718f0ae22bc30b9f31fe7b55ab9331caef7b0c23228cc47f7f6fe3591da70aad99a5975126749daacff0c31ec2edf7663d614e6f6240fdf41ac70fc4402a729b96f406775ed3ebe952f87b9201acd71dc73c1bd76e8d42f4b7606149d8fa9ab2722f1b389b2d71f2a966395019d046a240d27bd03ae7c8fb1bb34954ea65001cc06fa11f7475e9f87ca6bced81e2005df1495572b224e512dae9a1af46f3271cb386526f9654084c95255a67a2632963f84ef3f979c78ee2addcb5640429717388c997a3374826352ba8f4a0b066b8dd46c31561ab5bb8b7011ed9437edabf72b739f836c25ff10db503a9812c836f212079768d3cab24e58c1e3b235dc392b694c1241653e708158b477815398be200a1b4459370e85ad5b73af600155827d4c8da283d0566faba87460cac255819041ee0d21c5316d6ed33a2e6695001303a98093e801981a988155ef87dc26fe1b02897cf5962f93fe186d4269f99f526acb888c864c08dc988fcc81bd067fc5f8b5cb588f1aee28d846e936f7d23408490a8675d75aae60389621f1496bfa533d86b90dd56b365dccca47a665d3be9b546fc41e137daf378a43c1d5ad8c96c00a0e5552c7a866d4f7d37a4f0b83b2f605b42bf32025903412a046a01d09cc3b7efa0d0b8973478d8eb3c3ed1b6f6dc4dc72c1fc455d48190c0f94820e87591b55d974800401a000555b92b941b0618debe6fdd63a100aaa8f459dcf763e83b6b683a6a4c01407a18a618de3166d2b33bc05124fa01263cea0ac7c42c1b9396e28da11ce47693a429d44ce9e7a505aeb2af8b9cb7792e0e2583cd9a15310882640d15c81f30d94ffd27ceb56513e63de990e276d98aa6672372a34fcfbd0633c85f69c75c3faab566deb71c02197ce21800489dff00daa279ef90af60ae5b5b08d7acde854394960f0254c6d3048ed123b55df9e6c8c017e218385ceea2fda2bb196cb742e6024b1d6730cc418906ab5c378dbe22f5ac6e21c5c2b99dd35011534413a0807abbc924d055b82dab9658a35902e31d73b9422348822359fac8ab4712e386e610366bb6b161912cb25c30eb24b0b8a3460aa0993e635ed4e39938de1b1699570e6e5c59ccce45aca4fe1520379ef02235f2acdb5b36ef59b762ddc0c2db78cae0862fd5d88d210030069277a099e13cef72cb0388b42e418176d809734ef9672b7d0afd6a531dc5c634f8b87bc2e3fde43d37047f64eadf4fdb54e87c5dc22cd9370a2c0545ea807e768244f6274edde9937092aea5fc5b7aeb94296d22729ce20ebde83d05f0fb1ed7b056d9e6559935dfa5881f90d3e95626aaa723dd0b68818c4c45b80c030517ad961396e947218e87580641deac588bf0a580cde401127d3cbb1dcd0381ad069348a17d7bed3204fe60fb69fb75a8ec662d85b371e1758327ee9037040831f91fa8a03716e38b6f305ebb81490b3fcfec9acb79d79af21f00dc059be7d0b650c3f7fa533e6ee3f6ef5cc964312bab39952ba894503b477fdf54cb3c25efde6540c3bcb49d3dfbfbd038cf85ff008edffeb35d52dff82aeffc26fe7eb5d411b7d21b2c104c6ffc6a7784b1c3e779fbc1001de46b07ea2ab18cb859b31693fc8ab25845fb39d75b699c6bf789d4fd050296f8ef8a72dc665ce002dbea0449fad5ef837083670ca586628abe1416d5802c4c86119b5f21af78359570fb2272b771fc3b5691c99c513c46c3922328280b6a3d5647e2077ec5606f20f3996f3bd8b0d8822e057625404b8177cac3c6b4db0d0e9a6a26aa21ece242b5c368b0631602282c41cd0d900391801aac8d4cf955831dc55fc2c9794039f280b2bd2cc0861d241dc8811b4ec62a0f9af831c35a176cb032c1a02c92c26656030103b488049223504539a2fe331986c3585b7655e2de454d1019d34cba20060ac77f3817fe51e53c2e1f127c6c4adfc6a8ce2de7245a1b665b6cc5a751d47cf40275cef95971671431830b7bc48215c5b60b2c378ca742244edaef5aaf2e72ddb6ba9c46e81f68b8808cb2a1738133af59f7fca82d4693c4e6c8d9778fff00bfb296cb55fe71c564b0e0b100a342266cf7188215495d512772353e604c863dc5b8f5dc529756445ce4db8f9f29db3932634072a81e6649a9be4bb582548c6072de2f882f662a8df2c065561f2e5eea447a567fc2380dec463130b61ba8eefac2281d4c63511e5e703bd5f78b7c24be88ed87c49bc63a6ddccc84f980c1f2c91e623db7a0d6bfa42d15571714a36ce0caff00dc341f5aa273a71fc4dbbad6ecdeb61f374db650400154cb089d666498d574a8af85fc53216b3766da91e1952632b2120933b126548f6a37c4ae0d6826718e2a6db6416c856ca5a0e41e180e0449ca640ec04d01939b70d755971375cc26684baca3301b01986fb401e7e7ad3b01ce365314b76e6133a5b3a656ca74208681a1208d24fbd4270ee14af77c0b3fa673d40c648fecea633419244811024ea1a712e1776db45c0e37d082098ec277d68367f88fce6c3056ae60aeba2de3faf400e4d245b7561993306991a8cbde6b39c3f13c7adcd389de032ce67c4786a4ec405b8f94c7a7a7d04706c31c34dc702e32feb3b26d03cc81a088fe150edc32c8399ef3b063d2022a4f9feb18e83dbfd8253fa731775906242e26d16d05d0ab9881b164825635efb54fe2ef2d9b57af5bc8ac10e44565c880030a8a0faf949a86e1f6ad3da6182b17ae5f63019d64952a415516c65264f9feea75c17933883f8b6ee601807b6543dc0014274cca2756d7d3dfb10a560b82e2b14b76f5bb6f716dc9b97091e526598ea6358126ac3cbbc62d876c2714b60eb956f38fd25961b066f9b27accae91a695ab725f2ee2b0b6ade19f0ea8a2d866b8ae1a6e316ccac0ea7b6bb76a81f8bdcaaf7ad25eb3695ee59045cf0b5393530546a40327d24d057f9bce22c5a60b762ca959b4a05b2660024da502e01941963a7bd44f2f25dc55cb6b66ddcb168280cfab098ea605543192340498d04d33e13c61eed95b0c413641827729a42ea08254edf4f2a983cd96ac60fecbab90564468ca72b1ca08e98da0991ef41adf29708b56ad2bdb73745cd43baeb3263be820c4797ed92e2972dae6493214c85821742dd606c08d351fbccd1397f8c6352c0b1e0da16d04a31919972ce500499041258c408f39a8eb5cc6d88396dd85b98c77398cb0450a485f1093d50221368027734170e1dcc845bb6262e3a89b5058ac2eecc09d2604edafae91bcc7c6029360875bb74054ca14802e08cc3b4c983acea0f7a6dc359d10a9cbe33cf89887f959cce41b0111034200f7a89e35c456c6208c625c7171410e9bda82b959277ea1a8d7b504063b805cc235db574e62a544283f794110637123cc523c2f181b14e2e5ef0d48cab20912601023e5db7ab6b62d6eab625a59f216963966011acf68034f3d2b36e1ae4e2518b8525e4336a01f5f4a0d23fa293ff707fef3414d7fa42fff00ee70bff60a1a0ced7523deac5c016d3bf87741caebb8ed55e6b70483bcd4d704b485c662da90214c18f43ef4129c67972e58978cd6e4007b898a54bddb5894c361f3adebbe192c066cb6ca81a65d44368491a0076ab6e23149f636b77f3c30806e69ac8ca3301bed4b727dc537a0da1e20b2996e18ea5969d626434ebb1fa503a7e55b3884657cecc9743e6f94cae913d8020c03a41ab0622d9b0a0ac99800b192a5b49075ed3fef347c0ba33b153a4465022341d8edaa881da4f634e1f1722e130aaa3a5a0899133ae846da8fe140cf0f7516f787e2203e1e629043c66605b34fcb3a4c6e2a67056f224677bbb905f5683a81a28db61a4fbd55b8f9b99eddcb591aec432c13d24a03eb967c86e649106201f98b196db25c5488f99090e6003a5b50c37112485d281af397c50c58c40c16030e52fe6cac6ea876cd2602ace588eacc677d84536e25c3b890427899c15cb6fbb9c4fd95c9dc286e959f4cb1eb4cec360eee317178dbd7344f0dc5e0a4e9a788c2d181d3a47d600114f39cb156f18c9fa165b36edb261fc42124dc00b5d61f74045d334113240d282dff000d38760ed61dbecc8cb73365be6e106e66026188d32c10465e920c899936f29580fc2de2630bc46f261c5cb963c221e01692a562e74a98198b01a6cd57c6f8a56d98a5ab473060350ef3ac6caa23d24fe5409f1cc461b8771437dc1fd32f887a800a4ca31ea2002480477249aacf3ca3711c559c56091997c2c999884d4331044ccfce477da3b54bf1de237b19e162152e58bb683b29fb2bb9c80af475c06663a81e598f6925e138cc4e22f3dd4c2de596d5b107c0020080a8aaeed03e9eb414ab2cdc3efadcbcb91c03d26486ed12b1e5dcf6d6a2f8c716c4e3ef0b99a7c2595c89194033a01bc6d3e95a2f3af03bf72dbb5fb2b757e6cb627c411df3bb6dfd95b649aabf2672b59c561997c7bd6afb96c800e8e9113a89d890608f2f21406e1dc130a8a1ee5c3718890ae410a63f08300f6d6696bdc56c58eab6ab9b627bc794f9551789e1af616ebe1ee4abdb395803a7a11e84411e8698b5e63b93416be25cc71752e61cb2dd560c8575d410469ebb11dc55fbff00f54c65f5502dd8c18235b97f31f728b009f4fa0aa4701c05bb96d570e83c7b90aac492cacc379fba3533a6c0d7736aa61270af64f896ee1b96d89528a2e053940132a7595f4047a82bc639ab89dd66cb89b971048172da1404769112bf5d693e54e64c4e1b5b5994927c676b81cb9cad96437c8abab4f78826a3b0585c4e35fc3f1200fc3a2807b80b008a3f387055b06ddab60b15106752675fa999d05046f16c45b7c617c3008b708959242b3887009dd731241f22297bbc09ef5fb896d865492ceec00110198931226761e551bc370b2c1dfa6d2302ec74d8ec3b9262a79714313890977c43659804440a85b60b9bd154ceb26282db87cf89c3a2e12d9b366daa86c4b423332a8016d771302581933b52bca184b76835cb9d2c5cda55cf96208048d7462e44cef570e2b878c1f84b0be2a845b6064ca5e36194c920f97fa1aadde06530298971e1b58b80a402038f188398ea00f960f90ee281e70de6356b77c3803ecf90a59652090b7218963d3980d48ef350ff00136e65b8a5543160858ac929bfe8c1d564cfaf6abaf10e3f6f3adbca97c9b4583850d2d023a0889f268898a8fe1b80679be6fb05168865b96cef21838cff002b76d0694140e6956b2b6eccc1080365d99485604b773275aace1ecbdc70a8a49d4c0f4dcd5afe20e2c3dd042852fd7bcc2900011b0da6a3b8170f055d9c900ac0204f7dfdbb50467d9aefe17fdb5d4f3eca7f1b7f3f5aea0571f661891b30cc3eb4eb0f6fc1c8e7a95c4e9fb63d454a61b821b9864fc6bd8d1f88ae5b6ab701d7403c8f78fa5030e258d772a559bc1044e7d9a2358f4ad3460270c2ed9d0a6b050b1c8619d1483dc13075dcd661ccca45bb36ed82044133333aed57ee47e3852d8170315802636ca2098da36f53e5a505ab85021199cea1899650a08620824aee02c2c9d6009ef4e301692f5970c7efb298192003196274d001fe94c78c7180906ddd565bbe10419338d5db3680892ca08dfe86229d8c222ce63f3df172d823bf44ae9b49123bcfb5051be28f19b984bd66e2da52191ed8705811f2344cc4368607e13ad66577996ede70acfe1a96ea6f988f53aea7eb5ac7c454b7754587cacc5580cc3506019569ecd712009d8f606b0de21847b371ed3904ae84aea08f3048da82d7c6b96ee5bb3f6bb571ae0171406dcfbc01be7d87946a4c80cf1182c5e23ab1775bc4604a2de6399f50216def3df61b6f565e53e6316f006cdc2aecc974e5ee24a81e27f6583311ede554a4c7622e5d9fd2dd67d02eac5b2ea008d657711b133de8349e45c6be08f836ad35ab6c9d6d79165ae827a95d140290480198c4088d65d732f1474c4235fbc96adbdb51391192e4338ba4e65d48cc9d1224068ec68d8db5881844b4233b8b6ce181536e182c993f85350bee343a5679dac5ec47836addccca341641cab9bf12a93ae93ab1240ef413cbceec3077b29477b4214afca200f983104027b01a1d36d4c6f29fc4bbb6597edca2e5b3dd47526be53aafed1aefb556c725ddb797c60012490acc34829f36e08604fb46bb8a479a2ecb03707e99a0dcd0092005d86836db4f61b00dbf8f714f1f0ad8ac195c42e525726a41026186fbee34359ae3b98ae592e70d67f4b9033c0316f3125ca89dc91dc1999331154de53e38f83c48b8b7ae5a5fbf90079f20c8c608f39d7caa6398b8eaade388b56cdbbd7ad82c1642430f9d54ed98412b2403204ef40d9f879c6da6bcf8956c6c4ad83399d1667a8e99e35080ec3d4015206ae36396f117c7da6edc5446fd2179593a89800c089f488daa2f983016c5d1e0fcb91675924ebafb90013ef4172f84d8016c1c5de245b24aa0047512624c9d3519547724e94ff88f156bf758ddb786cc74551704002609919a60ebe73547c3e3ef9b76f0d8546539a4f8739aeb7dd631a82b1020e9bd2181e038cbb77c14b0fe24c1565223de7b77a07f771830bd366e11718367ca042132a504eda82446c23de90e1d7ec85cd611daf41395ba800b04cb0860a76d20fb55b9fe1ba8b099f1118962c4475db7cba786ae408b9a77037da04d52f0384f1ef25864366cadd55b9006752cc10933a92098f4a05f0fc3afe2ae3dec3db16ecda39b5fd5dbdb4ccd219f593dea638172e37da571099af25a705948219a04b32861044ea2753e5a55b39beea6192df0ec3cada58730750049d49f32c4c9f2f4a439171817150b219d60b19207502177d0183d51a933ee178187b375d03924668430d21d58992602c411a113f43525c67872e230e6cdce95780f974d011b6f1b55639938f1b5792e0cd923210a4852cdd5a8fc21564377911a0825e65e6566165b0cced9973422060642911241d3299f43e9411d76d5f7c6585b2a4dac3f4b621f7b994090a40d74d341e7e952fc6c6408ade2dc6b6267603432741ac4ccf90a8ee54c35f1887b98bce09622d89ce8431666510db891a1d60529cc770f8a82d310fd70ad1dbb6dacc111e54148e35c397178a6647096d7286b8c240240ca046d3afe750bc531256d0b28c48ccc0377852447e7356de2bc3916c3322917641b9ac89ccc65a4c77d0554388e1152f497533ac8ec0ed31a6f4111f667f36fcbfda86a5fed4bff00147e55d413f81e3ad86702e0d0a8d3e9bc52bcc5c485d4436d4cadc0c34f984d54f1dc526e92dd442e51edd8d3dc3f1628b92ea820274fd469f49a093e67c60105580b858961dc691ed527c192e3e11596db31624a287ca8729d59b5cebb6e011547bf7f3941ac46bdf7de275ad6387612df80986b9996d25912f393a898215b7cc09d23bd0364f15cd8b776d8b4fe2a95e83d2b049cae3a4931a01dc0ab57146cd08cf95ec5d1773103e5657112675824911bf969556e118f538e200bb92d5b70733b1126172accf52e874fcb5a57fa505de22e7c3cae2d822e6ed9002332eba2b40004027334ebb8073270a56bd732dc69f00b666d42dc2e2e286207991dce8db563bc6b19e35e0c432f4aa90752207969e75a95ac15cbf83e256c25c665b8e1031076c99143e6995f0c6fa447726337e35c62f62d6d9bac8c2d821217290a42f49f3032c89d753ac4000d5dd8aea252d466034952429961e7a09f5abd708e3772c054b696adae5d0dd619e27315e901bb899c91024b684d5f805a526ddc5b87c5f140c8bd200505816f39234ed567c771abaf70dbf0e5e4c90854b00604b23ab122235988ed40eb8bf30900871787a836c6607baf5891ea2aa583e2046256e335c22dce5720ac1eccd3b403f9c76a0e398ebb65f2a35eb6c7b78a6e29127b3099fa9ab5f2de1b082dda189b39efda6176ebee8de299b6a758731963481963bea0be2b006f5a6375ef2aba328b8ca5d95ae6569b9acadb21273904906240cb344c6f2862ed02fe187413d48c0eddc2e8d1f4abdf38e38592e3add588670a651a7428d043ac6442b757682205419e6ac2927f417f28ec31414f6fc4859a234323d850522d92a64ef57de0d845b986c2dfba1735a272f880c3286300f9ed237035f3a8ac0f0ac3e27106ea02986582559f392db949ca341224c7b133563c72f8acaa82d024c2e6311b79e940fc71855cde1d85cacd24f99ee63b48de2ab16af5b5c25d4bb85662710459b9688045cca08465eeb9480227bc6bbdbf1bc1ede0f0cef73f4d29f75bc3cbdf3279b691acc9234026a439312d7d9ef5eb40bda90ea6f2e539f28067b483f78691ed411dc03850c0db4b8c965ef9937d1df2326712aaba12620488ea9a8fc5fc4622fa5bb8a8f68b45c0820af54abab882194eba7fb555b13897bd887b78721839ea693370982cc58fca9206d1a281573e15cb585c161af5cbd95ae152a5db4033caf4792f57b91bd04971ff00891630eb96d05c5b3804b8200f4cea367db61daa2b122f0c30c5dcc3d86242dd7bc922e12cc02e8100603381f31da7d2b39b96ed1ba555985acd019875479c0abef31f83770986b16af180a40326206d224ec498f2340a3a78ae6e3993d83498eff5224c4d48f2ce23c1c4dbca332b1cb70b6ed246de507b77d8551b88f1c6b0c2d853986ac581d7ca23b7ad48f0d56bcd852d7c2f8975412080aa3ab3095ea04ac8dfbd05e9eddac77da500296b265f1005d195d4f4468d9580d4f998d2a32dd97c25bc82e2dcb161f39b8409b60665650013ab675d274fad4d61702b66e5ecd9acadfcad65403955ad4673a4a8048d0fde077aacf3072f5f5b67c22596f39cca92a858e5260131b24f9493e8282f2dc59160e6cc35202c0d35831ff491eb505c5185c2f71039fbc18fca24291aefa19d292c5611596ddc0ac872af49128f90763d81eadfdea1b8d63cada6b6ae5173940ab0491ac0dcc000ebde80798dad2d85c8082ecb98933a93249f4aaaf11b81ad39bac33fca19563620814e6cda388674660999ba4c48d04fe46299f12b216ddc07443057cf30d08f414101913d6ba929f4aea0ec65bd47991f434ff0f78823a81caba4fe71ad461bc4800f6d05288b40ff00008cf7464930731ca0691aceba40ad0b82f1b76b4d6895bb7d8b18cb9954001844c684c099804d557920d9417ef5f4f102a7c84c0209d469a83a8d7b454b3e05830c52b14010adb859cbf2b469f3012c0b103b77a096e14d70b5db41897b3866b8c0ae40b71b2caf4fce32318f3d7e905805b987b88ca58dd657b7984952d6ee1410636ca9f29dc19d3b4e72a604de6c4dc8b9e0adc539d557e70012a419e91a0d06c67d29ff003e8518247b6eb0f71090aba7eadd615c74e851a72c6faefa839e41c5cf0fbacea2e7e99cbecb10a5d893da41204c0d6262b26c5f0c16cdf08c1eddb76087f1aab798d36d74ad6f91700578629b624dc772e218c904a8023cc200477d2b2ab48ed7eee1edc25a171c19124296619751e5e634a047ff00104142a862dae551a027cf31036de00da695e19c66ebde04b9f25131009272ce931ac49ff4a2716e596b6a5ed92e83b4750fcb7fa543dac35c2a5d51caaeecaa4807d481a1a0d638af2edbc7dab605e16dd0e971f6ea02558e68f5d0fd35a87e62e177786d929e278e4b75dc820db68cb6c302c5874c959e9d8826abfc038fe270e651f5425b2b3c492a1481eb941df4d3bc52d8de64bf8dfd12a6ea57a4080a779810a3cc085900855340cb84e09efc094b7684ce775591bb640c659b4ec37deaf6394f0cb67c328d0e410e7463a83a3448151d6f18b85c22bca1b81c2fe88b050359102149e9d6477fa94f88f380b8a99743b46fbed4134381e1820b6332aacc28731aee4f79efad57f1dc0708a8dfa673ac68c090476000de8b77885d28183a249fbcc01802660e906ab78ce2fa9ca7331ddcff00014137c4b8eb5bb2969dfc4c80845ef13a173e63c8559ee23dfc159c186ca7207be63503bc0db6903b552b96780f8f751afce43d5a790dcb1ec3d2a4b8b73465bb71909171ca9034cbe18f950f704886ff00aa282cf83e5fb56ed04b683cf31d4989dcfa8aa2f3071077765f10b2234289397411207f1a91e23ce26e59c8aa51da4319d8792fbd56819a06ec635a98e1dc44050ba344920f79f231a1a89bc2937bba2c08ca209ee4c933fb63e94178e1fc72dbb05719444293e71e7db514eb81612c622e5f5ba3a52db312340623293da412449f4aa0d9bfb55ff009874e1976f33ddf12f1108480a72315e88d4c31cc58fe18ef3417ac171102c5b4b0cd7572847bbbb061b979202a81131513c671aeb68bdcbd6e515b3043ff00a8ba201986a0799d4934df9531e12d5cb4b9d6154bc1593d2241624ce9b79831da9973170a67c3dc3683b25b1e21046baeeed3da013a795058eff1a1f63b62f12f9ed1656db3305561e5ac93a5672fc46d826e93fa525db291a6a465223ce4d4caf10b89c342b286cea56d91ae592237883558e30b96dd942219443fa6b201d77d6825df164dd051d6d00a090fb49ec23f3a6dcc17cbe7b43a8ac6661a831ac8f2a21c35b70a1f35b3b4b765f333b0a4f036d57ed11d569490ac34cd1a4f980682023d2baa5bc65ff8628682b636a77d87b50d75049f00daf7f757fceb5a7703fd45dff0dffcd5d5d40ebe1b6d77fe72ff00ff0010a0f897ff009759f7b7fe5a0aea09ce52ff00caec7f8373fccd58658febd77fc67ff335757505d2c7c9fcfad3bc0fff008fe23fe65fff00916baba832ab5b5cfa7f9c56a7c37faa1fa7eeaeaea0aaf33fea5bfe63ff00a0aaf70efd6fe5415d406e61fd65468aeaea0bef287f51c57f82dfbaa99c67f5f73dff0080aeaea023ee3f9ed4b3ff003f950d750237a9b8aeaea02ad5cf8bff0053e1ff00e1bff0aeaea093e4ff00d5e37fc2b5fbcd5eb0dfd4f19ff2cdfe47aeaea0cd2dff0054b5fdefe2f5dc43faf1ff0013f82d0d75025c67f5b73d8ff0a697ff00527dc57575037aeaeaea0fffd9);

--
-- Constraints for dumped tables
--

--
-- Constraints for table `subject_topics`
--
ALTER TABLE `subject_topics`
  ADD CONSTRAINT `subject_topics_ibfk_1` FOREIGN KEY (`subjectID`) REFERENCES `subjects` (`id`),
  ADD CONSTRAINT `subject_topics_ibfk_2` FOREIGN KEY (`topicID`) REFERENCES `topics` (`topicID`);

--
-- Constraints for table `topic_diagrams`
--
ALTER TABLE `topic_diagrams`
  ADD CONSTRAINT `topic_diagrams_ibfk_1` FOREIGN KEY (`topicID`) REFERENCES `topics` (`topicID`);

/*!40101 SET CHARACTER_SET_CLIENT=@OLD_CHARACTER_SET_CLIENT */;
/*!40101 SET CHARACTER_SET_RESULTS=@OLD_CHARACTER_SET_RESULTS */;
/*!40101 SET COLLATION_CONNECTION=@OLD_COLLATION_CONNECTION */;
